edge_id,source,target,edge_type,distance,capacity_units,effective_capacity_people,selected_load_people,utilization,utilization_percent,over_capacity,overload_ratio,congestion_cost,overload_cost
E231:P10--DOOR_10,P10,DOOR_10,room_to_door,1.0,1.0,10.0,23.0,2.3,229.99999999999997,True,1.2999999999999998,26.449999999999996,8.449999999999998
E232:DOOR_10--N10,DOOR_10,N10,door_to_hallway,0.75,1.0,10.0,23.0,2.3,229.99999999999997,True,1.2999999999999998,26.449999999999996,8.449999999999998
E220:C10--DOOR_04,C10,DOOR_04,room_to_door,1.0,1.0,10.0,14.0,1.4,140.0,True,0.3999999999999999,9.799999999999999,0.7999999999999996
E221:DOOR_04--E10,DOOR_04,E10,door_to_hallway,0.5,1.0,10.0,14.0,1.4,140.0,True,0.3999999999999999,9.799999999999999,0.7999999999999996
E033:E10--E11,E10,E11,navigation,1.0,2.0,20.0,25.0,1.25,125.0,True,0.25,7.8125,0.3125
E034:E11--E12,E11,E12,navigation,1.0,2.0,20.0,25.0,1.25,125.0,True,0.25,7.8125,0.3125
E218:C6--DOOR_03,C6,DOOR_03,room_to_door,1.0,1.0,10.0,12.0,1.2,120.0,True,0.19999999999999996,7.199999999999999,0.1999999999999999
E219:DOOR_03--E6,DOOR_03,E6,door_to_hallway,0.5,1.0,10.0,12.0,1.2,120.0,True,0.19999999999999996,7.199999999999999,0.1999999999999999
E029:E8--E9,E8,E9,navigation,1.0,2.0,20.0,23.0,1.15,114.99999999999999,True,0.1499999999999999,6.612499999999999,0.11249999999999988
E141:N9--N10,N9,N10,navigation,1.0,2.0,20.0,23.0,1.15,114.99999999999999,True,0.1499999999999999,6.612499999999999,0.11249999999999988
E229:P8--DOOR_09,P8,DOOR_09,room_to_door,1.0,1.0,10.0,11.0,1.1,110.00000000000001,True,0.10000000000000009,6.050000000000001,0.050000000000000086
E230:DOOR_09--N8,DOOR_09,N8,door_to_hallway,0.75,1.0,10.0,11.0,1.1,110.00000000000001,True,0.10000000000000009,6.050000000000001,0.050000000000000086
E240:Q12--EXIT_B,Q12,EXIT_B,exit,1.0,3.0,30.0,31.0,1.0333333333333334,103.33333333333334,True,0.03333333333333344,5.3388888888888895,0.0055555555555555905
E027:E6--E7,E6,E7,navigation,1.0,2.0,20.0,20.0,1.0,100.0,False,0.0,5.0,0.0
E028:E7--E8,E7,E8,navigation,1.0,2.0,20.0,20.0,1.0,100.0,False,0.0,5.0,0.0
E239:E12--EXIT_A,E12,EXIT_A,exit,1.0,3.0,30.0,25.0,0.8333333333333334,83.33333333333334,False,0.0,3.4722222222222228,0.0
E242:J2--EXIT_D,J2,EXIT_D,exit,1.0,3.0,30.0,25.0,0.8333333333333334,83.33333333333334,False,0.0,3.4722222222222228,0.0
E087:J2--J3,J2,J3,navigation,1.0,3.0,30.0,24.0,0.8,80.0,False,0.0,3.2000000000000006,0.0
E089:J3--J4,J3,J4,navigation,1.0,3.0,30.0,24.0,0.8,80.0,False,0.0,3.2000000000000006,0.0
E091:J4--J5,J4,J5,navigation,1.0,3.0,30.0,24.0,0.8,80.0,False,0.0,3.2000000000000006,0.0
E115:K9--L9,K9,L9,navigation,1.0,2.0,20.0,16.0,0.8,80.0,False,0.0,3.2000000000000006,0.0
E125:L9--M9,L9,M9,navigation,1.0,2.0,20.0,16.0,0.8,80.0,False,0.0,3.2000000000000006,0.0
E129:M9--N9,M9,N9,navigation,1.0,2.0,20.0,16.0,0.8,80.0,False,0.0,3.2000000000000006,0.0
E226:P2--DOOR_07,P2,DOOR_07,room_to_door,1.0,1.0,10.0,8.0,0.8,80.0,False,0.0,3.2000000000000006,0.0
E227:DOOR_07--N2,DOOR_07,N2,door_to_hallway,1.0,1.0,10.0,8.0,0.8,80.0,False,0.0,3.2000000000000006,0.0
E244:START_R12--Q12,START_R12,Q12,room_start,1.0,4.0,40.0,31.0,0.775,77.5,False,0.0,3.0031250000000003,0.0
E148:P10--Q10,P10,Q10,navigation,1.0,3.0,30.0,23.0,0.7666666666666667,76.66666666666667,False,0.0,2.938888888888889,0.0
E140:N8--N9,N8,N9,navigation,1.0,2.0,20.0,15.0,0.75,75.0,False,0.0,2.8125,0.0
E222:G8--DOOR_05,G8,DOOR_05,room_to_door,1.0,1.0,10.0,7.0,0.7,70.0,False,0.0,2.4499999999999997,0.0
E223:DOOR_05--E8,DOOR_05,E8,door_to_hallway,0.5,1.0,10.0,7.0,0.7,70.0,False,0.0,2.4499999999999997,0.0
E030:E9--F9,E9,F9,navigation,1.0,2.0,20.0,12.0,0.6,60.0,False,0.0,1.7999999999999998,0.0
E035:F9--G9,F9,G9,navigation,1.0,2.0,20.0,12.0,0.6,60.0,False,0.0,1.7999999999999998,0.0
E051:G9--H9,G9,H9,navigation,1.0,2.0,20.0,12.0,0.6,60.0,False,0.0,1.7999999999999998,0.0
E068:H9--I9,H9,I9,navigation,1.0,2.0,20.0,12.0,0.6,60.0,False,0.0,1.7999999999999998,0.0
E082:I9--J9,I9,J9,navigation,1.0,2.0,20.0,12.0,0.6,60.0,False,0.0,1.7999999999999998,0.0
E099:J9--K9,J9,K9,navigation,1.0,2.0,20.0,12.0,0.6,60.0,False,0.0,1.7999999999999998,0.0
E184:START_R03--J5,START_R03,J5,room_start,1.0,4.0,40.0,24.0,0.6,60.0,False,0.0,1.7999999999999998,0.0
E216:C4--DOOR_02,C4,DOOR_02,room_to_door,1.0,1.0,10.0,6.0,0.6,60.0,False,0.0,1.7999999999999998,0.0
E217:DOOR_02--E4,DOOR_02,E4,door_to_hallway,0.5,1.0,10.0,6.0,0.6,60.0,False,0.0,1.7999999999999998,0.0
E212:START_R12--Q10,START_R12,Q10,room_start,1.0,4.0,40.0,23.0,0.575,57.49999999999999,False,0.0,1.6531249999999997,0.0
E031:E9--E10,E9,E10,navigation,1.0,2.0,20.0,11.0,0.55,55.00000000000001,False,0.0,1.5125000000000002,0.0
E032:E10--F10,E10,F10,navigation,1.0,2.0,20.0,10.0,0.5,50.0,False,0.0,1.25,0.0
E037:F10--G10,F10,G10,navigation,1.0,2.0,20.0,10.0,0.5,50.0,False,0.0,1.25,0.0
E233:G11--DOOR_11,G11,DOOR_11,room_to_door,0.75,1.0,10.0,5.0,0.5,50.0,False,0.0,1.25,0.0
E234:DOOR_11--G10,DOOR_11,G10,door_to_hallway,0.25,1.0,10.0,5.0,0.5,50.0,False,0.0,1.25,0.0
E237:M11--DOOR_13,M11,DOOR_13,room_to_door,0.75,1.0,10.0,5.0,0.5,50.0,False,0.0,1.25,0.0
E238:DOOR_13--M10,DOOR_13,M10,door_to_hallway,0.25,1.0,10.0,5.0,0.5,50.0,False,0.0,1.25,0.0
E023:C10--C11,C10,C11,navigation,1.0,3.0,30.0,14.0,0.4666666666666667,46.666666666666664,False,0.0,1.088888888888889,0.0
E021:C6--C7,C6,C7,navigation,1.0,3.0,30.0,12.0,0.4,40.0,False,0.0,0.8000000000000002,0.0
E025:E4--E5,E4,E5,navigation,1.0,2.0,20.0,8.0,0.4,40.0,False,0.0,0.8000000000000002,0.0
E026:E5--E6,E5,E6,navigation,1.0,2.0,20.0,8.0,0.4,40.0,False,0.0,0.8000000000000002,0.0
E235:K11--DOOR_12,K11,DOOR_12,room_to_door,0.75,1.0,10.0,4.0,0.4,40.0,False,0.0,0.8000000000000002,0.0
E236:DOOR_12--K10,DOOR_12,K10,door_to_hallway,0.25,1.0,10.0,4.0,0.4,40.0,False,0.0,0.8000000000000002,0.0
E243:N2--EXIT_E,N2,EXIT_E,exit,1.0,3.0,30.0,12.0,0.4,40.0,False,0.0,0.8000000000000002,0.0
E146:P7--P8,P7,P8,navigation,1.0,3.0,30.0,11.0,0.36666666666666664,36.666666666666664,False,0.0,0.672222222222222,0.0
E200:START_R08--C11,START_R08,C11,room_start,1.0,4.0,40.0,14.0,0.35,35.0,False,0.0,0.6124999999999999,0.0
E192:START_R06--C7,START_R06,C7,room_start,1.0,4.0,40.0,12.0,0.3,30.0,False,0.0,0.44999999999999996,0.0
E197:START_R07--P7,START_R07,P7,room_start,1.0,4.0,40.0,11.0,0.275,27.500000000000004,False,0.0,0.37812500000000004,0.0
E143:P2--P3,P2,P3,navigation,1.0,3.0,30.0,8.0,0.26666666666666666,26.666666666666668,False,0.0,0.35555555555555557,0.0
E053:G10--H10,G10,H10,navigation,1.0,2.0,20.0,5.0,0.25,25.0,False,0.0,0.3125,0.0
E070:H10--I10,H10,I10,navigation,1.0,2.0,20.0,5.0,0.25,25.0,False,0.0,0.3125,0.0
E084:I10--J10,I10,J10,navigation,1.0,2.0,20.0,5.0,0.25,25.0,False,0.0,0.3125,0.0
E101:J10--K10,J10,K10,navigation,1.0,2.0,20.0,5.0,0.25,25.0,False,0.0,0.3125,0.0
E117:K10--L10,K10,L10,navigation,1.0,2.0,20.0,5.0,0.25,25.0,False,0.0,0.3125,0.0
E127:L10--M10,L10,M10,navigation,1.0,2.0,20.0,5.0,0.25,25.0,False,0.0,0.3125,0.0
E134:N2--N3,N2,N3,navigation,1.0,2.0,20.0,5.0,0.25,25.0,False,0.0,0.3125,0.0
E135:N3--N4,N3,N4,navigation,1.0,2.0,20.0,5.0,0.25,25.0,False,0.0,0.3125,0.0
E039:G2--G3,G2,G3,navigation,1.0,3.0,30.0,7.0,0.23333333333333334,23.333333333333332,False,0.0,0.27222222222222225,0.0
E041:G3--G4,G3,G4,navigation,1.0,3.0,30.0,7.0,0.23333333333333334,23.333333333333332,False,0.0,0.27222222222222225,0.0
E043:G4--G5,G4,G5,navigation,1.0,3.0,30.0,7.0,0.23333333333333334,23.333333333333332,False,0.0,0.27222222222222225,0.0
E045:G5--G6,G5,G6,navigation,1.0,3.0,30.0,7.0,0.23333333333333334,23.333333333333332,False,0.0,0.27222222222222225,0.0
E047:G6--G7,G6,G7,navigation,1.0,3.0,30.0,7.0,0.23333333333333334,23.333333333333332,False,0.0,0.27222222222222225,0.0
E049:G7--G8,G7,G8,navigation,1.0,3.0,30.0,7.0,0.23333333333333334,23.333333333333332,False,0.0,0.27222222222222225,0.0
E241:G2--EXIT_C,G2,EXIT_C,exit,1.0,3.0,30.0,7.0,0.23333333333333334,23.333333333333332,False,0.0,0.27222222222222225,0.0
E020:C3--C4,C3,C4,navigation,1.0,3.0,30.0,6.0,0.2,20.0,False,0.0,0.20000000000000004,0.0
E116:K9--K10,K9,K10,navigation,1.0,2.0,20.0,4.0,0.2,20.0,False,0.0,0.20000000000000004,0.0
E136:N4--N5,N4,N5,navigation,1.0,2.0,20.0,4.0,0.2,20.0,False,0.0,0.20000000000000004,0.0
E137:N5--N6,N5,N6,navigation,1.0,2.0,20.0,4.0,0.2,20.0,False,0.0,0.20000000000000004,0.0
E138:N6--N7,N6,N7,navigation,1.0,2.0,20.0,4.0,0.2,20.0,False,0.0,0.20000000000000004,0.0
E139:N7--N8,N7,N8,navigation,1.0,2.0,20.0,4.0,0.2,20.0,False,0.0,0.20000000000000004,0.0
E189:START_R04--P3,START_R04,P3,room_start,1.0,4.0,40.0,8.0,0.2,20.0,False,0.0,0.20000000000000004,0.0
E214:E3--DOOR_01,E3,DOOR_01,room_to_door,0.5,1.0,10.0,2.0,0.2,20.0,False,0.0,0.20000000000000004,0.0
E215:DOOR_01--E4,DOOR_01,E4,door_to_hallway,0.25,1.0,10.0,2.0,0.2,20.0,False,0.0,0.20000000000000004,0.0
E055:G11--G12,G11,G12,navigation,1.0,3.0,30.0,5.0,0.16666666666666666,16.666666666666664,False,0.0,0.1388888888888889,0.0
E133:M11--M12,M11,M12,navigation,1.0,3.0,30.0,5.0,0.16666666666666666,16.666666666666664,False,0.0,0.1388888888888889,0.0
E179:START_R01--C3,START_R01,C3,room_start,1.0,4.0,40.0,6.0,0.15,15.0,False,0.0,0.11249999999999999,0.0
E205:START_R09--G12,START_R09,G12,room_start,1.0,4.0,40.0,5.0,0.125,12.5,False,0.0,0.078125,0.0
E209:START_R11--M12,START_R11,M12,room_start,1.0,4.0,40.0,5.0,0.125,12.5,False,0.0,0.078125,0.0
E208:START_R10--K11,START_R10,K11,room_start,1.0,4.0,40.0,4.0,0.1,10.0,False,0.0,0.05000000000000001,0.0
E213:START_R05--DOOR_08,START_R05,DOOR_08,room_to_door,1.0,1.0,10.0,1.0,0.1,10.0,False,0.0,0.05000000000000001,0.0
E224:L2--DOOR_06,L2,DOOR_06,room_to_door,1.0,1.0,10.0,1.0,0.1,10.0,False,0.0,0.05000000000000001,0.0
E225:DOOR_06--N2,DOOR_06,N2,door_to_hallway,1.0,1.0,10.0,1.0,0.1,10.0,False,0.0,0.05000000000000001,0.0
E228:DOOR_08--N4,DOOR_08,N4,door_to_hallway,1.0,1.0,10.0,1.0,0.1,10.0,False,0.0,0.05000000000000001,0.0
E183:START_R02--E3,START_R02,E3,room_start,1.0,4.0,40.0,2.0,0.05,5.0,False,0.0,0.012500000000000002,0.0
E086:J2--K2,J2,K2,navigation,1.0,3.0,30.0,1.0,0.03333333333333333,3.3333333333333335,False,0.0,0.005555555555555556,0.0
E102:K2--L2,K2,L2,navigation,1.0,3.0,30.0,1.0,0.03333333333333333,3.3333333333333335,False,0.0,0.005555555555555556,0.0
E001:A2--B2,A2,B2,navigation,1.0,3.0,30.0,0.0,0.0,0.0,False,0.0,0.0,0.0
E002:A2--A3,A2,A3,navigation,1.0,3.0,30.0,0.0,0.0,0.0,False,0.0,0.0,0.0
E003:A3--A4,A3,A4,navigation,1.0,3.0,30.0,0.0,0.0,0.0,False,0.0,0.0,0.0
E004:A4--B4,A4,B4,navigation,1.0,3.0,30.0,0.0,0.0,0.0,False,0.0,0.0,0.0
E005:A6--B6,A6,B6,navigation,1.0,3.0,30.0,0.0,0.0,0.0,False,0.0,0.0,0.0
E006:A6--A7,A6,A7,navigation,1.0,3.0,30.0,0.0,0.0,0.0,False,0.0,0.0,0.0
E007:A7--A8,A7,A8,navigation,1.0,3.0,30.0,0.0,0.0,0.0,False,0.0,0.0,0.0
E008:A8--B8,A8,B8,navigation,1.0,3.0,30.0,0.0,0.0,0.0,False,0.0,0.0,0.0
E009:A10--B10,A10,B10,navigation,1.0,3.0,30.0,0.0,0.0,0.0,False,0.0,0.0,0.0
E010:A10--A11,A10,A11,navigation,1.0,3.0,30.0,0.0,0.0,0.0,False,0.0,0.0,0.0
E011:A11--A12,A11,A12,navigation,1.0,3.0,30.0,0.0,0.0,0.0,False,0.0,0.0,0.0
E012:A12--B12,A12,B12,navigation,1.0,3.0,30.0,0.0,0.0,0.0,False,0.0,0.0,0.0
E013:B2--C2,B2,C2,navigation,1.0,3.0,30.0,0.0,0.0,0.0,False,0.0,0.0,0.0
E014:B4--C4,B4,C4,navigation,1.0,3.0,30.0,0.0,0.0,0.0,False,0.0,0.0,0.0
E015:B6--C6,B6,C6,navigation,1.0,3.0,30.0,0.0,0.0,0.0,False,0.0,0.0,0.0
E016:B8--C8,B8,C8,navigation,1.0,3.0,30.0,0.0,0.0,0.0,False,0.0,0.0,0.0
E017:B10--C10,B10,C10,navigation,1.0,3.0,30.0,0.0,0.0,0.0,False,0.0,0.0,0.0
E018:B12--C12,B12,C12,navigation,1.0,3.0,30.0,0.0,0.0,0.0,False,0.0,0.0,0.0
E019:C2--C3,C2,C3,navigation,1.0,3.0,30.0,0.0,0.0,0.0,False,0.0,0.0,0.0
E022:C7--C8,C7,C8,navigation,1.0,3.0,30.0,0.0,0.0,0.0,False,0.0,0.0,0.0
E024:C11--C12,C11,C12,navigation,1.0,3.0,30.0,0.0,0.0,0.0,False,0.0,0.0,0.0
E036:F9--F10,F9,F10,navigation,1.0,2.0,20.0,0.0,0.0,0.0,False,0.0,0.0,0.0
E038:G2--H2,G2,H2,navigation,1.0,3.0,30.0,0.0,0.0,0.0,False,0.0,0.0,0.0
E040:G3--H3,G3,H3,navigation,1.0,3.0,30.0,0.0,0.0,0.0,False,0.0,0.0,0.0
E042:G4--H4,G4,H4,navigation,1.0,3.0,30.0,0.0,0.0,0.0,False,0.0,0.0,0.0
E044:G5--H5,G5,H5,navigation,1.0,3.0,30.0,0.0,0.0,0.0,False,0.0,0.0,0.0
E046:G6--H6,G6,H6,navigation,1.0,3.0,30.0,0.0,0.0,0.0,False,0.0,0.0,0.0
E048:G7--H7,G7,H7,navigation,1.0,3.0,30.0,0.0,0.0,0.0,False,0.0,0.0,0.0
E050:G8--H8,G8,H8,navigation,1.0,3.0,30.0,0.0,0.0,0.0,False,0.0,0.0,0.0
E052:G9--G10,G9,G10,navigation,1.0,2.0,20.0,0.0,0.0,0.0,False,0.0,0.0,0.0
E054:G11--H11,G11,H11,navigation,1.0,3.0,30.0,0.0,0.0,0.0,False,0.0,0.0,0.0
E056:H2--I2,H2,I2,navigation,1.0,3.0,30.0,0.0,0.0,0.0,False,0.0,0.0,0.0
E057:H2--H3,H2,H3,navigation,1.0,3.0,30.0,0.0,0.0,0.0,False,0.0,0.0,0.0
E058:H3--I3,H3,I3,navigation,1.0,3.0,30.0,0.0,0.0,0.0,False,0.0,0.0,0.0
E059:H3--H4,H3,H4,navigation,1.0,3.0,30.0,0.0,0.0,0.0,False,0.0,0.0,0.0
E060:H4--I4,H4,I4,navigation,1.0,3.0,30.0,0.0,0.0,0.0,False,0.0,0.0,0.0
E061:H4--H5,H4,H5,navigation,1.0,3.0,30.0,0.0,0.0,0.0,False,0.0,0.0,0.0
E062:H5--H6,H5,H6,navigation,1.0,3.0,30.0,0.0,0.0,0.0,False,0.0,0.0,0.0
E063:H6--I6,H6,I6,navigation,1.0,3.0,30.0,0.0,0.0,0.0,False,0.0,0.0,0.0
E064:H6--H7,H6,H7,navigation,1.0,3.0,30.0,0.0,0.0,0.0,False,0.0,0.0,0.0
E065:H7--I7,H7,I7,navigation,1.0,3.0,30.0,0.0,0.0,0.0,False,0.0,0.0,0.0
E066:H7--H8,H7,H8,navigation,1.0,3.0,30.0,0.0,0.0,0.0,False,0.0,0.0,0.0
E067:H8--I8,H8,I8,navigation,1.0,3.0,30.0,0.0,0.0,0.0,False,0.0,0.0,0.0
E069:H9--H10,H9,H10,navigation,1.0,2.0,20.0,0.0,0.0,0.0,False,0.0,0.0,0.0
E071:H11--I11,H11,I11,navigation,1.0,3.0,30.0,0.0,0.0,0.0,False,0.0,0.0,0.0
E072:I2--J2,I2,J2,navigation,1.0,3.0,30.0,0.0,0.0,0.0,False,0.0,0.0,0.0
E073:I2--I3,I2,I3,navigation,1.0,3.0,30.0,0.0,0.0,0.0,False,0.0,0.0,0.0
E074:I3--J3,I3,J3,navigation,1.0,3.0,30.0,0.0,0.0,0.0,False,0.0,0.0,0.0
E075:I3--I4,I3,I4,navigation,1.0,3.0,30.0,0.0,0.0,0.0,False,0.0,0.0,0.0
E076:I4--J4,I4,J4,navigation,1.0,3.0,30.0,0.0,0.0,0.0,False,0.0,0.0,0.0
E077:I6--J6,I6,J6,navigation,1.0,3.0,30.0,0.0,0.0,0.0,False,0.0,0.0,0.0
E078:I6--I7,I6,I7,navigation,1.0,3.0,30.0,0.0,0.0,0.0,False,0.0,0.0,0.0
E079:I7--J7,I7,J7,navigation,1.0,3.0,30.0,0.0,0.0,0.0,False,0.0,0.0,0.0
E080:I7--I8,I7,I8,navigation,1.0,3.0,30.0,0.0,0.0,0.0,False,0.0,0.0,0.0
E081:I8--J8,I8,J8,navigation,1.0,3.0,30.0,0.0,0.0,0.0,False,0.0,0.0,0.0
E083:I9--I10,I9,I10,navigation,1.0,2.0,20.0,0.0,0.0,0.0,False,0.0,0.0,0.0
E085:I11--I12,I11,I12,navigation,1.0,3.0,30.0,0.0,0.0,0.0,False,0.0,0.0,0.0
E088:J3--K3,J3,K3,navigation,1.0,3.0,30.0,0.0,0.0,0.0,False,0.0,0.0,0.0
E090:J4--K4,J4,K4,navigation,1.0,3.0,30.0,0.0,0.0,0.0,False,0.0,0.0,0.0
E092:J5--K5,J5,K5,navigation,1.0,3.0,30.0,0.0,0.0,0.0,False,0.0,0.0,0.0
E093:J5--J6,J5,J6,navigation,1.0,3.0,30.0,0.0,0.0,0.0,False,0.0,0.0,0.0
E094:J6--K6,J6,K6,navigation,1.0,3.0,30.0,0.0,0.0,0.0,False,0.0,0.0,0.0
E095:J6--J7,J6,J7,navigation,1.0,3.0,30.0,0.0,0.0,0.0,False,0.0,0.0,0.0
E096:J7--K7,J7,K7,navigation,1.0,3.0,30.0,0.0,0.0,0.0,False,0.0,0.0,0.0
E097:J7--J8,J7,J8,navigation,1.0,3.0,30.0,0.0,0.0,0.0,False,0.0,0.0,0.0
E098:J8--K8,J8,K8,navigation,1.0,3.0,30.0,0.0,0.0,0.0,False,0.0,0.0,0.0
E100:J9--J10,J9,J10,navigation,1.0,2.0,20.0,0.0,0.0,0.0,False,0.0,0.0,0.0
E103:K2--K3,K2,K3,navigation,1.0,3.0,30.0,0.0,0.0,0.0,False,0.0,0.0,0.0
E104:K3--L3,K3,L3,navigation,1.0,3.0,30.0,0.0,0.0,0.0,False,0.0,0.0,0.0
E105:K3--K4,K3,K4,navigation,1.0,3.0,30.0,0.0,0.0,0.0,False,0.0,0.0,0.0
E106:K4--L4,K4,L4,navigation,1.0,3.0,30.0,0.0,0.0,0.0,False,0.0,0.0,0.0
E107:K4--K5,K4,K5,navigation,1.0,3.0,30.0,0.0,0.0,0.0,False,0.0,0.0,0.0
E108:K5--L5,K5,L5,navigation,1.0,3.0,30.0,0.0,0.0,0.0,False,0.0,0.0,0.0
E109:K5--K6,K5,K6,navigation,1.0,3.0,30.0,0.0,0.0,0.0,False,0.0,0.0,0.0
E110:K6--L6,K6,L6,navigation,1.0,3.0,30.0,0.0,0.0,0.0,False,0.0,0.0,0.0
E111:K6--K7,K6,K7,navigation,1.0,3.0,30.0,0.0,0.0,0.0,False,0.0,0.0,0.0
E112:K7--L7,K7,L7,navigation,1.0,3.0,30.0,0.0,0.0,0.0,False,0.0,0.0,0.0
E113:K7--K8,K7,K8,navigation,1.0,3.0,30.0,0.0,0.0,0.0,False,0.0,0.0,0.0
E114:K8--L8,K8,L8,navigation,1.0,3.0,30.0,0.0,0.0,0.0,False,0.0,0.0,0.0
E118:K11--L11,K11,L11,navigation,1.0,3.0,30.0,0.0,0.0,0.0,False,0.0,0.0,0.0
E119:L2--L3,L2,L3,navigation,1.0,3.0,30.0,0.0,0.0,0.0,False,0.0,0.0,0.0
E120:L3--L4,L3,L4,navigation,1.0,3.0,30.0,0.0,0.0,0.0,False,0.0,0.0,0.0
E121:L4--L5,L4,L5,navigation,1.0,3.0,30.0,0.0,0.0,0.0,False,0.0,0.0,0.0
E122:L5--L6,L5,L6,navigation,1.0,3.0,30.0,0.0,0.0,0.0,False,0.0,0.0,0.0
E123:L6--L7,L6,L7,navigation,1.0,3.0,30.0,0.0,0.0,0.0,False,0.0,0.0,0.0
E124:L7--L8,L7,L8,navigation,1.0,3.0,30.0,0.0,0.0,0.0,False,0.0,0.0,0.0
E126:L9--L10,L9,L10,navigation,1.0,2.0,20.0,0.0,0.0,0.0,False,0.0,0.0,0.0
E128:L11--L12,L11,L12,navigation,1.0,3.0,30.0,0.0,0.0,0.0,False,0.0,0.0,0.0
E130:M9--M10,M9,M10,navigation,1.0,2.0,20.0,0.0,0.0,0.0,False,0.0,0.0,0.0
E131:M10--N10,M10,N10,navigation,1.0,2.0,20.0,0.0,0.0,0.0,False,0.0,0.0,0.0
E132:M11--N11,M11,N11,navigation,1.0,3.0,30.0,0.0,0.0,0.0,False,0.0,0.0,0.0
E142:P2--Q2,P2,Q2,navigation,1.0,3.0,30.0,0.0,0.0,0.0,False,0.0,0.0,0.0
E144:P6--Q6,P6,Q6,navigation,1.0,3.0,30.0,0.0,0.0,0.0,False,0.0,0.0,0.0
E145:P6--P7,P6,P7,navigation,1.0,3.0,30.0,0.0,0.0,0.0,False,0.0,0.0,0.0
E147:P8--Q8,P8,Q8,navigation,1.0,3.0,30.0,0.0,0.0,0.0,False,0.0,0.0,0.0
E149:P10--P11,P10,P11,navigation,1.0,3.0,30.0,0.0,0.0,0.0,False,0.0,0.0,0.0
E150:P11--P12,P11,P12,navigation,1.0,3.0,30.0,0.0,0.0,0.0,False,0.0,0.0,0.0
E151:P12--Q12,P12,Q12,navigation,1.0,3.0,30.0,0.0,0.0,0.0,False,0.0,0.0,0.0
E152:Q2--R2,Q2,R2,navigation,1.0,3.0,30.0,0.0,0.0,0.0,False,0.0,0.0,0.0
E153:Q4--R4,Q4,R4,navigation,1.0,3.0,30.0,0.0,0.0,0.0,False,0.0,0.0,0.0
E154:Q6--R6,Q6,R6,navigation,1.0,3.0,30.0,0.0,0.0,0.0,False,0.0,0.0,0.0
E155:Q8--R8,Q8,R8,navigation,1.0,3.0,30.0,0.0,0.0,0.0,False,0.0,0.0,0.0
E156:Q10--R10,Q10,R10,navigation,1.0,3.0,30.0,0.0,0.0,0.0,False,0.0,0.0,0.0
E157:Q12--R12,Q12,R12,navigation,1.0,3.0,30.0,0.0,0.0,0.0,False,0.0,0.0,0.0
E158:R2--S2,R2,S2,navigation,1.0,3.0,30.0,0.0,0.0,0.0,False,0.0,0.0,0.0
E159:R2--R3,R2,R3,navigation,1.0,3.0,30.0,0.0,0.0,0.0,False,0.0,0.0,0.0
E160:R3--S3,R3,S3,navigation,1.0,3.0,30.0,0.0,0.0,0.0,False,0.0,0.0,0.0
E161:R3--R4,R3,R4,navigation,1.0,3.0,30.0,0.0,0.0,0.0,False,0.0,0.0,0.0
E162:R4--S4,R4,S4,navigation,1.0,3.0,30.0,0.0,0.0,0.0,False,0.0,0.0,0.0
E163:R6--S6,R6,S6,navigation,1.0,3.0,30.0,0.0,0.0,0.0,False,0.0,0.0,0.0
E164:R6--R7,R6,R7,navigation,1.0,3.0,30.0,0.0,0.0,0.0,False,0.0,0.0,0.0
E165:R7--S7,R7,S7,navigation,1.0,3.0,30.0,0.0,0.0,0.0,False,0.0,0.0,0.0
E166:R7--R8,R7,R8,navigation,1.0,3.0,30.0,0.0,0.0,0.0,False,0.0,0.0,0.0
E167:R8--S8,R8,S8,navigation,1.0,3.0,30.0,0.0,0.0,0.0,False,0.0,0.0,0.0
E168:R10--S10,R10,S10,navigation,1.0,3.0,30.0,0.0,0.0,0.0,False,0.0,0.0,0.0
E169:R10--R11,R10,R11,navigation,1.0,3.0,30.0,0.0,0.0,0.0,False,0.0,0.0,0.0
E170:R11--S11,R11,S11,navigation,1.0,3.0,30.0,0.0,0.0,0.0,False,0.0,0.0,0.0
E171:R11--R12,R11,R12,navigation,1.0,3.0,30.0,0.0,0.0,0.0,False,0.0,0.0,0.0
E172:R12--S12,R12,S12,navigation,1.0,3.0,30.0,0.0,0.0,0.0,False,0.0,0.0,0.0
E173:S2--S3,S2,S3,navigation,1.0,3.0,30.0,0.0,0.0,0.0,False,0.0,0.0,0.0
E174:S3--S4,S3,S4,navigation,1.0,3.0,30.0,0.0,0.0,0.0,False,0.0,0.0,0.0
E175:S6--S7,S6,S7,navigation,1.0,3.0,30.0,0.0,0.0,0.0,False,0.0,0.0,0.0
E176:S7--S8,S7,S8,navigation,1.0,3.0,30.0,0.0,0.0,0.0,False,0.0,0.0,0.0
E177:S10--S11,S10,S11,navigation,1.0,3.0,30.0,0.0,0.0,0.0,False,0.0,0.0,0.0
E178:S11--S12,S11,S12,navigation,1.0,3.0,30.0,0.0,0.0,0.0,False,0.0,0.0,0.0
E180:START_R01--A3,START_R01,A3,room_start,1.0,4.0,40.0,0.0,0.0,0.0,False,0.0,0.0,0.0
E181:START_R01--B4,START_R01,B4,room_start,1.0,4.0,40.0,0.0,0.0,0.0,False,0.0,0.0,0.0
E182:START_R01--B2,START_R01,B2,room_start,1.0,4.0,40.0,0.0,0.0,0.0,False,0.0,0.0,0.0
E185:START_R03--H5,START_R03,H5,room_start,1.0,4.0,40.0,0.0,0.0,0.0,False,0.0,0.0,0.0
E186:START_R03--I6,START_R03,I6,room_start,1.0,4.0,40.0,0.0,0.0,0.0,False,0.0,0.0,0.0
E187:START_R03--I4,START_R03,I4,room_start,1.0,4.0,40.0,0.0,0.0,0.0,False,0.0,0.0,0.0
E188:START_R04--R3,START_R04,R3,room_start,1.0,4.0,40.0,0.0,0.0,0.0,False,0.0,0.0,0.0
E190:START_R04--Q4,START_R04,Q4,room_start,1.0,4.0,40.0,0.0,0.0,0.0,False,0.0,0.0,0.0
E191:START_R04--Q2,START_R04,Q2,room_start,1.0,4.0,40.0,0.0,0.0,0.0,False,0.0,0.0,0.0
E193:START_R06--A7,START_R06,A7,room_start,1.0,4.0,40.0,0.0,0.0,0.0,False,0.0,0.0,0.0
E194:START_R06--B8,START_R06,B8,room_start,1.0,4.0,40.0,0.0,0.0,0.0,False,0.0,0.0,0.0
E195:START_R06--B6,START_R06,B6,room_start,1.0,4.0,40.0,0.0,0.0,0.0,False,0.0,0.0,0.0
E196:START_R07--R7,START_R07,R7,room_start,1.0,4.0,40.0,0.0,0.0,0.0,False,0.0,0.0,0.0
E198:START_R07--Q8,START_R07,Q8,room_start,1.0,4.0,40.0,0.0,0.0,0.0,False,0.0,0.0,0.0
E199:START_R07--Q6,START_R07,Q6,room_start,1.0,4.0,40.0,0.0,0.0,0.0,False,0.0,0.0,0.0
E201:START_R08--A11,START_R08,A11,room_start,1.0,4.0,40.0,0.0,0.0,0.0,False,0.0,0.0,0.0
E202:START_R08--B12,START_R08,B12,room_start,1.0,4.0,40.0,0.0,0.0,0.0,False,0.0,0.0,0.0
E203:START_R08--B10,START_R08,B10,room_start,1.0,4.0,40.0,0.0,0.0,0.0,False,0.0,0.0,0.0
E204:START_R09--I12,START_R09,I12,room_start,1.0,4.0,40.0,0.0,0.0,0.0,False,0.0,0.0,0.0
E206:START_R09--H11,START_R09,H11,room_start,1.0,4.0,40.0,0.0,0.0,0.0,False,0.0,0.0,0.0
E207:START_R10--L12,START_R10,L12,room_start,1.0,4.0,40.0,0.0,0.0,0.0,False,0.0,0.0,0.0
E210:START_R11--N11,START_R11,N11,room_start,1.0,4.0,40.0,0.0,0.0,0.0,False,0.0,0.0,0.0
E211:START_R12--P11,START_R12,P11,room_start,1.0,4.0,40.0,0.0,0.0,0.0,False,0.0,0.0,0.0
E245:START_R12--R11,START_R12,R11,room_start,1.0,4.0,40.0,0.0,0.0,0.0,False,0.0,0.0,0.0
