i,j,variable_i,variable_j,coefficient
0,0,x_R01_EXIT_C,x_R01_EXIT_C,-2.199079118154716
0,1,x_R01_EXIT_C,x_R01_EXIT_B,4.429102508161945
0,2,x_R01_EXIT_C,x_R01_EXIT_A,4.429102508161945
0,3,x_R01_EXIT_C,x_R02_EXIT_C,0.000995756545184368
0,6,x_R01_EXIT_C,x_R03_EXIT_C,0.00033191884839478927
0,9,x_R01_EXIT_C,x_R04_EXIT_C,0.00033191884839478927
0,12,x_R01_EXIT_C,x_R05_EXIT_C,0.00033191884839478927
0,15,x_R01_EXIT_C,x_R06_EXIT_C,0.00033191884839478927
0,18,x_R01_EXIT_C,x_R07_EXIT_C,0.00033191884839478927
0,21,x_R01_EXIT_C,x_R08_EXIT_C,0.00033191884839478927
0,24,x_R01_EXIT_C,x_R09_EXIT_C,0.0006638376967895785
0,27,x_R01_EXIT_C,x_R10_EXIT_C,0.00016595942419739463
0,30,x_R01_EXIT_C,x_R11_EXIT_C,0.00016595942419739463
0,33,x_R01_EXIT_C,x_R12_EXIT_C,0.000497878272592184
0,36,x_R01_EXIT_C,x_R13_EXIT_C,0.0006638376967895785
0,39,x_R01_EXIT_C,x_R14_EXIT_C,0.00033191884839478927
0,42,x_R01_EXIT_C,x_R15_EXIT_C,0.00033191884839478927
0,45,x_R01_EXIT_C,x_R16_EXIT_C,0.0006638376967895785
0,48,x_R01_EXIT_C,x_R17_EXIT_C,0.00016595942419739463
0,51,x_R01_EXIT_C,x_R18_EXIT_C,0.0006638376967895785
0,54,x_R01_EXIT_C,x_R19_EXIT_C,0.0006638376967895785
0,57,x_R01_EXIT_C,x_R20_EXIT_C,0.0006638376967895785
0,60,x_R01_EXIT_C,x_R21_EXIT_C,0.0006638376967895785
0,63,x_R01_EXIT_C,x_R22_EXIT_C,0.0006638376967895785
0,66,x_R01_EXIT_C,x_R23_EXIT_C,0.0006638376967895785
0,69,x_R01_EXIT_C,x_R24_EXIT_C,0.0029872696355531035
1,1,x_R01_EXIT_B,x_R01_EXIT_B,-2.1672008072935505
1,2,x_R01_EXIT_B,x_R01_EXIT_A,4.4328940426993775
1,4,x_R01_EXIT_B,x_R02_EXIT_B,0.012715045115431157
1,5,x_R01_EXIT_B,x_R02_EXIT_A,0.007583069074865568
1,6,x_R01_EXIT_B,x_R03_EXIT_C,0.0011489498598281167
1,7,x_R01_EXIT_B,x_R03_EXIT_B,0.0030893985119822692
1,8,x_R01_EXIT_B,x_R03_EXIT_A,0.00137873983179374
1,9,x_R01_EXIT_B,x_R04_EXIT_C,0.00068936991589687
1,10,x_R01_EXIT_B,x_R04_EXIT_B,0.0028596085400166456
1,11,x_R01_EXIT_B,x_R04_EXIT_A,0.0011489498598281167
1,12,x_R01_EXIT_B,x_R05_EXIT_C,0.00068936991589687
1,13,x_R01_EXIT_B,x_R05_EXIT_B,0.0035489784559135165
1,14,x_R01_EXIT_B,x_R05_EXIT_A,0.0018383197757249866
1,15,x_R01_EXIT_B,x_R06_EXIT_C,0.00068936991589687
1,16,x_R01_EXIT_B,x_R06_EXIT_B,0.0035489784559135165
1,17,x_R01_EXIT_B,x_R06_EXIT_A,0.0018383197757249866
1,18,x_R01_EXIT_B,x_R07_EXIT_C,0.0011489498598281167
1,19,x_R01_EXIT_B,x_R07_EXIT_B,0.0030893985119822692
1,20,x_R01_EXIT_B,x_R07_EXIT_A,0.00137873983179374
1,21,x_R01_EXIT_B,x_R08_EXIT_C,0.00068936991589687
1,22,x_R01_EXIT_B,x_R08_EXIT_B,0.0028596085400166456
1,23,x_R01_EXIT_B,x_R08_EXIT_A,0.0011489498598281167
1,24,x_R01_EXIT_B,x_R09_EXIT_C,0.00275747966358748
1,25,x_R01_EXIT_B,x_R09_EXIT_B,0.005719217080033291
1,26,x_R01_EXIT_B,x_R09_EXIT_A,0.0022978997196562334
1,27,x_R01_EXIT_B,x_R10_EXIT_C,0.0005744749299140584
1,28,x_R01_EXIT_B,x_R10_EXIT_B,0.0013149092840255114
1,29,x_R01_EXIT_B,x_R10_EXIT_A,0.00045957994393124664
1,30,x_R01_EXIT_B,x_R11_EXIT_C,0.0005744749299140584
1,31,x_R01_EXIT_B,x_R11_EXIT_B,0.0015446992559911346
1,32,x_R01_EXIT_B,x_R11_EXIT_A,0.00068936991589687
1,33,x_R01_EXIT_B,x_R12_EXIT_C,0.0031021646215359145
1,34,x_R01_EXIT_B,x_R12_EXIT_B,0.0032553579361796637
1,35,x_R01_EXIT_B,x_R12_EXIT_A,0.00068936991589687
1,36,x_R01_EXIT_B,x_R13_EXIT_C,0.00413621949538122
1,37,x_R01_EXIT_B,x_R13_EXIT_B,0.004340477248239552
1,38,x_R01_EXIT_B,x_R13_EXIT_A,0.0009191598878624933
1,39,x_R01_EXIT_B,x_R14_EXIT_C,0.0025276896916218575
1,40,x_R01_EXIT_B,x_R14_EXIT_B,0.0010212887642916592
1,42,x_R01_EXIT_B,x_R15_EXIT_C,0.0025276896916218575
1,43,x_R01_EXIT_B,x_R15_EXIT_B,0.0017106586801885293
1,45,x_R01_EXIT_B,x_R16_EXIT_C,0.005055379383243715
1,46,x_R01_EXIT_B,x_R16_EXIT_B,0.0034213173603770586
1,48,x_R01_EXIT_B,x_R17_EXIT_C,0.001953214761707799
1,49,x_R01_EXIT_B,x_R17_EXIT_B,0.00016595942419739463
1,50,x_R01_EXIT_B,x_R17_EXIT_A,0.00068936991589687
1,51,x_R01_EXIT_B,x_R18_EXIT_C,0.005055379383243715
1,52,x_R01_EXIT_B,x_R18_EXIT_B,0.0034213173603770586
1,54,x_R01_EXIT_B,x_R19_EXIT_C,0.005055379383243715
1,55,x_R01_EXIT_B,x_R19_EXIT_B,0.0034213173603770586
1,57,x_R01_EXIT_B,x_R20_EXIT_C,0.005055379383243715
1,58,x_R01_EXIT_B,x_R20_EXIT_B,0.0034213173603770586
1,60,x_R01_EXIT_B,x_R21_EXIT_C,0.005055379383243715
1,61,x_R01_EXIT_B,x_R21_EXIT_B,0.0034213173603770586
1,63,x_R01_EXIT_B,x_R22_EXIT_C,0.005055379383243715
1,64,x_R01_EXIT_B,x_R22_EXIT_B,0.0034213173603770586
1,66,x_R01_EXIT_B,x_R23_EXIT_C,0.005055379383243715
1,67,x_R01_EXIT_B,x_R23_EXIT_B,0.0034213173603770586
1,69,x_R01_EXIT_B,x_R24_EXIT_C,0.022749207224596713
1,70,x_R01_EXIT_B,x_R24_EXIT_B,0.015395928121696762
2,2,x_R01_EXIT_A,x_R01_EXIT_A,-2.1549590253371758
2,4,x_R01_EXIT_A,x_R02_EXIT_B,0.007583069074865568
2,5,x_R01_EXIT_A,x_R02_EXIT_A,0.019110866001807673
2,6,x_R01_EXIT_A,x_R03_EXIT_C,0.0011489498598281167
2,7,x_R01_EXIT_A,x_R03_EXIT_B,0.00137873983179374
2,8,x_R01_EXIT_A,x_R03_EXIT_A,0.005221338807441109
2,9,x_R01_EXIT_A,x_R04_EXIT_C,0.00068936991589687
2,10,x_R01_EXIT_A,x_R04_EXIT_B,0.0011489498598281167
2,11,x_R01_EXIT_A,x_R04_EXIT_A,0.004991548835475484
2,12,x_R01_EXIT_A,x_R05_EXIT_C,0.00068936991589687
2,13,x_R01_EXIT_A,x_R05_EXIT_B,0.0018383197757249866
2,14,x_R01_EXIT_A,x_R05_EXIT_A,0.005680918751372356
2,15,x_R01_EXIT_A,x_R06_EXIT_C,0.00068936991589687
2,16,x_R01_EXIT_A,x_R06_EXIT_B,0.0018383197757249866
2,17,x_R01_EXIT_A,x_R06_EXIT_A,0.005680918751372356
2,18,x_R01_EXIT_A,x_R07_EXIT_C,0.0011489498598281167
2,19,x_R01_EXIT_A,x_R07_EXIT_B,0.00137873983179374
2,20,x_R01_EXIT_A,x_R07_EXIT_A,0.005221338807441109
2,21,x_R01_EXIT_A,x_R08_EXIT_C,0.00068936991589687
2,22,x_R01_EXIT_A,x_R08_EXIT_B,0.0011489498598281167
2,23,x_R01_EXIT_A,x_R08_EXIT_A,0.004991548835475484
2,24,x_R01_EXIT_A,x_R09_EXIT_C,0.00275747966358748
2,25,x_R01_EXIT_A,x_R09_EXIT_B,0.0022978997196562334
2,26,x_R01_EXIT_A,x_R09_EXIT_A,0.009983097670950968
2,27,x_R01_EXIT_A,x_R10_EXIT_C,0.0005744749299140584
2,28,x_R01_EXIT_A,x_R10_EXIT_B,0.00045957994393124664
2,29,x_R01_EXIT_A,x_R10_EXIT_A,0.0023808794317549307
2,30,x_R01_EXIT_A,x_R11_EXIT_C,0.0005744749299140584
2,31,x_R01_EXIT_A,x_R11_EXIT_B,0.00068936991589687
2,32,x_R01_EXIT_A,x_R11_EXIT_A,0.0026106694037205543
2,33,x_R01_EXIT_A,x_R12_EXIT_C,0.0031021646215359145
2,34,x_R01_EXIT_A,x_R12_EXIT_B,0.00068936991589687
2,35,x_R01_EXIT_A,x_R12_EXIT_A,0.006453268379367922
2,36,x_R01_EXIT_A,x_R13_EXIT_C,0.00413621949538122
2,37,x_R01_EXIT_A,x_R13_EXIT_B,0.0009191598878624933
2,38,x_R01_EXIT_A,x_R13_EXIT_A,0.00860435783915723
2,39,x_R01_EXIT_A,x_R14_EXIT_C,0.0029872696355531044
2,41,x_R01_EXIT_A,x_R14_EXIT_A,0.003383019031716121
2,42,x_R01_EXIT_A,x_R15_EXIT_C,0.0029872696355531044
2,43,x_R01_EXIT_A,x_R15_EXIT_B,0.00045957994393124664
2,44,x_R01_EXIT_A,x_R15_EXIT_A,0.003383019031716121
2,45,x_R01_EXIT_A,x_R16_EXIT_C,0.005055379383243715
2,47,x_R01_EXIT_A,x_R16_EXIT_A,0.007685197951294737
2,48,x_R01_EXIT_A,x_R17_EXIT_C,0.0012638448458109288
2,50,x_R01_EXIT_A,x_R17_EXIT_A,0.0019212994878236842
2,51,x_R01_EXIT_A,x_R18_EXIT_C,0.006893699158968703
2,52,x_R01_EXIT_A,x_R18_EXIT_B,0.0018383197757249866
2,53,x_R01_EXIT_A,x_R18_EXIT_A,0.005183040478780172
2,54,x_R01_EXIT_A,x_R19_EXIT_C,0.00735327910289995
2,55,x_R01_EXIT_A,x_R19_EXIT_B,0.0022978997196562334
2,56,x_R01_EXIT_A,x_R19_EXIT_A,0.005387298231638503
2,57,x_R01_EXIT_A,x_R20_EXIT_C,0.011438434160066586
2,58,x_R01_EXIT_A,x_R20_EXIT_B,0.00638305477682287
2,59,x_R01_EXIT_A,x_R20_EXIT_A,0.00031915273884114355
2,60,x_R01_EXIT_A,x_R21_EXIT_C,0.011438434160066586
2,61,x_R01_EXIT_A,x_R21_EXIT_B,0.00638305477682287
2,62,x_R01_EXIT_A,x_R21_EXIT_A,0.0010978854216135338
2,63,x_R01_EXIT_A,x_R22_EXIT_C,0.011438434160066586
2,64,x_R01_EXIT_A,x_R22_EXIT_B,0.00638305477682287
2,65,x_R01_EXIT_A,x_R22_EXIT_A,0.00031915273884114355
2,66,x_R01_EXIT_A,x_R23_EXIT_C,0.011438434160066586
2,67,x_R01_EXIT_A,x_R23_EXIT_B,0.00638305477682287
2,68,x_R01_EXIT_A,x_R23_EXIT_A,0.0010978854216135338
2,69,x_R01_EXIT_A,x_R24_EXIT_C,0.055896410680637866
2,70,x_R01_EXIT_A,x_R24_EXIT_B,0.03314720345604117
2,71,x_R01_EXIT_A,x_R24_EXIT_A,0.0014361873247851458
3,3,x_R02_EXIT_C,x_R02_EXIT_C,-2.194535267243389
3,4,x_R02_EXIT_C,x_R02_EXIT_B,4.438399427444387
3,5,x_R02_EXIT_C,x_R02_EXIT_A,4.438399427444387
3,6,x_R02_EXIT_C,x_R03_EXIT_C,0.0006638376967895785
3,9,x_R02_EXIT_C,x_R04_EXIT_C,0.0006638376967895785
3,12,x_R02_EXIT_C,x_R05_EXIT_C,0.0006638376967895785
3,15,x_R02_EXIT_C,x_R06_EXIT_C,0.0006638376967895785
3,18,x_R02_EXIT_C,x_R07_EXIT_C,0.0006638376967895785
3,21,x_R02_EXIT_C,x_R08_EXIT_C,0.0006638376967895785
3,24,x_R02_EXIT_C,x_R09_EXIT_C,0.001327675393579157
3,27,x_R02_EXIT_C,x_R10_EXIT_C,0.00033191884839478927
3,30,x_R02_EXIT_C,x_R11_EXIT_C,0.00033191884839478927
3,33,x_R02_EXIT_C,x_R12_EXIT_C,0.000995756545184368
3,36,x_R02_EXIT_C,x_R13_EXIT_C,0.001327675393579157
3,39,x_R02_EXIT_C,x_R14_EXIT_C,0.0006638376967895785
3,42,x_R02_EXIT_C,x_R15_EXIT_C,0.0006638376967895785
3,45,x_R02_EXIT_C,x_R16_EXIT_C,0.001327675393579157
3,48,x_R02_EXIT_C,x_R17_EXIT_C,0.00033191884839478927
3,51,x_R02_EXIT_C,x_R18_EXIT_C,0.001327675393579157
3,54,x_R02_EXIT_C,x_R19_EXIT_C,0.001327675393579157
3,57,x_R02_EXIT_C,x_R20_EXIT_C,0.001327675393579157
3,60,x_R02_EXIT_C,x_R21_EXIT_C,0.001327675393579157
3,63,x_R02_EXIT_C,x_R22_EXIT_C,0.001327675393579157
3,66,x_R02_EXIT_C,x_R23_EXIT_C,0.001327675393579157
3,69,x_R02_EXIT_C,x_R24_EXIT_C,0.005974539271106207
4,4,x_R02_EXIT_B,x_R02_EXIT_B,-2.1538674899545383
4,5,x_R02_EXIT_B,x_R02_EXIT_A,4.453565565594118
4,6,x_R02_EXIT_B,x_R03_EXIT_C,0.0022978997196562334
4,7,x_R02_EXIT_B,x_R03_EXIT_B,0.0061787970239645384
4,8,x_R02_EXIT_B,x_R03_EXIT_A,0.00275747966358748
4,9,x_R02_EXIT_B,x_R04_EXIT_C,0.00137873983179374
4,10,x_R02_EXIT_B,x_R04_EXIT_B,0.005719217080033291
4,11,x_R02_EXIT_B,x_R04_EXIT_A,0.0022978997196562334
4,12,x_R02_EXIT_B,x_R05_EXIT_C,0.00137873983179374
4,13,x_R02_EXIT_B,x_R05_EXIT_B,0.007097956911827033
4,14,x_R02_EXIT_B,x_R05_EXIT_A,0.003676639551449973
4,15,x_R02_EXIT_B,x_R06_EXIT_C,0.00137873983179374
4,16,x_R02_EXIT_B,x_R06_EXIT_B,0.007097956911827033
4,17,x_R02_EXIT_B,x_R06_EXIT_A,0.003676639551449973
4,18,x_R02_EXIT_B,x_R07_EXIT_C,0.0022978997196562334
4,19,x_R02_EXIT_B,x_R07_EXIT_B,0.0061787970239645384
4,20,x_R02_EXIT_B,x_R07_EXIT_A,0.00275747966358748
4,21,x_R02_EXIT_B,x_R08_EXIT_C,0.00137873983179374
4,22,x_R02_EXIT_B,x_R08_EXIT_B,0.005719217080033291
4,23,x_R02_EXIT_B,x_R08_EXIT_A,0.0022978997196562334
4,24,x_R02_EXIT_B,x_R09_EXIT_C,0.00551495932717496
4,25,x_R02_EXIT_B,x_R09_EXIT_B,0.011438434160066582
4,26,x_R02_EXIT_B,x_R09_EXIT_A,0.004595799439312467
4,27,x_R02_EXIT_B,x_R10_EXIT_C,0.0011489498598281167
4,28,x_R02_EXIT_B,x_R10_EXIT_B,0.002629818568051023
4,29,x_R02_EXIT_B,x_R10_EXIT_A,0.0009191598878624933
4,30,x_R02_EXIT_B,x_R11_EXIT_C,0.0011489498598281167
4,31,x_R02_EXIT_B,x_R11_EXIT_B,0.0030893985119822692
4,32,x_R02_EXIT_B,x_R11_EXIT_A,0.00137873983179374
4,33,x_R02_EXIT_B,x_R12_EXIT_C,0.006204329243071829
4,34,x_R02_EXIT_B,x_R12_EXIT_B,0.006510715872359327
4,35,x_R02_EXIT_B,x_R12_EXIT_A,0.00137873983179374
4,36,x_R02_EXIT_B,x_R13_EXIT_C,0.00827243899076244
4,37,x_R02_EXIT_B,x_R13_EXIT_B,0.008680954496479104
4,38,x_R02_EXIT_B,x_R13_EXIT_A,0.0018383197757249866
4,39,x_R02_EXIT_B,x_R14_EXIT_C,0.005055379383243715
4,40,x_R02_EXIT_B,x_R14_EXIT_B,0.0020425775285833185
4,42,x_R02_EXIT_B,x_R15_EXIT_C,0.005055379383243715
4,43,x_R02_EXIT_B,x_R15_EXIT_B,0.0034213173603770586
4,45,x_R02_EXIT_B,x_R16_EXIT_C,0.01011075876648743
4,46,x_R02_EXIT_B,x_R16_EXIT_B,0.006842634720754117
4,48,x_R02_EXIT_B,x_R17_EXIT_C,0.003906429523415598
4,49,x_R02_EXIT_B,x_R17_EXIT_B,0.00033191884839478927
4,50,x_R02_EXIT_B,x_R17_EXIT_A,0.00137873983179374
4,51,x_R02_EXIT_B,x_R18_EXIT_C,0.01011075876648743
4,52,x_R02_EXIT_B,x_R18_EXIT_B,0.006842634720754117
4,54,x_R02_EXIT_B,x_R19_EXIT_C,0.01011075876648743
4,55,x_R02_EXIT_B,x_R19_EXIT_B,0.006842634720754117
4,57,x_R02_EXIT_B,x_R20_EXIT_C,0.01011075876648743
4,58,x_R02_EXIT_B,x_R20_EXIT_B,0.006842634720754117
4,60,x_R02_EXIT_B,x_R21_EXIT_C,0.01011075876648743
4,61,x_R02_EXIT_B,x_R21_EXIT_B,0.006842634720754117
4,63,x_R02_EXIT_B,x_R22_EXIT_C,0.01011075876648743
4,64,x_R02_EXIT_B,x_R22_EXIT_B,0.006842634720754117
4,66,x_R02_EXIT_B,x_R23_EXIT_C,0.01011075876648743
4,67,x_R02_EXIT_B,x_R23_EXIT_B,0.006842634720754117
4,69,x_R02_EXIT_B,x_R24_EXIT_C,0.045498414449193426
4,70,x_R02_EXIT_B,x_R24_EXIT_B,0.030791856243393523
5,5,x_R02_EXIT_A,x_R02_EXIT_A,-2.136828842333381
5,6,x_R02_EXIT_A,x_R03_EXIT_C,0.0022978997196562334
5,7,x_R02_EXIT_A,x_R03_EXIT_B,0.00275747966358748
5,8,x_R02_EXIT_A,x_R03_EXIT_A,0.010442677614882217
5,9,x_R02_EXIT_A,x_R04_EXIT_C,0.00137873983179374
5,10,x_R02_EXIT_A,x_R04_EXIT_B,0.0022978997196562334
5,11,x_R02_EXIT_A,x_R04_EXIT_A,0.009983097670950968
5,12,x_R02_EXIT_A,x_R05_EXIT_C,0.00137873983179374
5,13,x_R02_EXIT_A,x_R05_EXIT_B,0.003676639551449973
5,14,x_R02_EXIT_A,x_R05_EXIT_A,0.011361837502744712
5,15,x_R02_EXIT_A,x_R06_EXIT_C,0.00137873983179374
5,16,x_R02_EXIT_A,x_R06_EXIT_B,0.003676639551449973
5,17,x_R02_EXIT_A,x_R06_EXIT_A,0.011361837502744712
5,18,x_R02_EXIT_A,x_R07_EXIT_C,0.0022978997196562334
5,19,x_R02_EXIT_A,x_R07_EXIT_B,0.00275747966358748
5,20,x_R02_EXIT_A,x_R07_EXIT_A,0.010442677614882217
5,21,x_R02_EXIT_A,x_R08_EXIT_C,0.00137873983179374
5,22,x_R02_EXIT_A,x_R08_EXIT_B,0.0022978997196562334
5,23,x_R02_EXIT_A,x_R08_EXIT_A,0.009983097670950968
5,24,x_R02_EXIT_A,x_R09_EXIT_C,0.00551495932717496
5,25,x_R02_EXIT_A,x_R09_EXIT_B,0.004595799439312467
5,26,x_R02_EXIT_A,x_R09_EXIT_A,0.019966195341901936
5,27,x_R02_EXIT_A,x_R10_EXIT_C,0.0011489498598281167
5,28,x_R02_EXIT_A,x_R10_EXIT_B,0.0009191598878624933
5,29,x_R02_EXIT_A,x_R10_EXIT_A,0.004761758863509861
5,30,x_R02_EXIT_A,x_R11_EXIT_C,0.0011489498598281167
5,31,x_R02_EXIT_A,x_R11_EXIT_B,0.00137873983179374
5,32,x_R02_EXIT_A,x_R11_EXIT_A,0.005221338807441109
5,33,x_R02_EXIT_A,x_R12_EXIT_C,0.006204329243071829
5,34,x_R02_EXIT_A,x_R12_EXIT_B,0.00137873983179374
5,35,x_R02_EXIT_A,x_R12_EXIT_A,0.012906536758735845
5,36,x_R02_EXIT_A,x_R13_EXIT_C,0.00827243899076244
5,37,x_R02_EXIT_A,x_R13_EXIT_B,0.0018383197757249866
5,38,x_R02_EXIT_A,x_R13_EXIT_A,0.01720871567831446
5,39,x_R02_EXIT_A,x_R14_EXIT_C,0.005974539271106209
5,41,x_R02_EXIT_A,x_R14_EXIT_A,0.006766038063432242
5,42,x_R02_EXIT_A,x_R15_EXIT_C,0.005974539271106209
5,43,x_R02_EXIT_A,x_R15_EXIT_B,0.0009191598878624933
5,44,x_R02_EXIT_A,x_R15_EXIT_A,0.006766038063432242
5,45,x_R02_EXIT_A,x_R16_EXIT_C,0.01011075876648743
5,47,x_R02_EXIT_A,x_R16_EXIT_A,0.015370395902589474
5,48,x_R02_EXIT_A,x_R17_EXIT_C,0.0025276896916218575
5,50,x_R02_EXIT_A,x_R17_EXIT_A,0.0038425989756473685
5,51,x_R02_EXIT_A,x_R18_EXIT_C,0.013787398317937407
5,52,x_R02_EXIT_A,x_R18_EXIT_B,0.003676639551449973
5,53,x_R02_EXIT_A,x_R18_EXIT_A,0.010366080957560343
5,54,x_R02_EXIT_A,x_R19_EXIT_C,0.0147065582057999
5,55,x_R02_EXIT_A,x_R19_EXIT_B,0.004595799439312467
5,56,x_R02_EXIT_A,x_R19_EXIT_A,0.010774596463277006
5,57,x_R02_EXIT_A,x_R20_EXIT_C,0.02287686832013317
5,58,x_R02_EXIT_A,x_R20_EXIT_B,0.01276610955364574
5,59,x_R02_EXIT_A,x_R20_EXIT_A,0.0006383054776822871
5,60,x_R02_EXIT_A,x_R21_EXIT_C,0.02287686832013317
5,61,x_R02_EXIT_A,x_R21_EXIT_B,0.01276610955364574
5,62,x_R02_EXIT_A,x_R21_EXIT_A,0.0021957708432270677
5,63,x_R02_EXIT_A,x_R22_EXIT_C,0.02287686832013317
5,64,x_R02_EXIT_A,x_R22_EXIT_B,0.01276610955364574
5,65,x_R02_EXIT_A,x_R22_EXIT_A,0.0006383054776822871
5,66,x_R02_EXIT_A,x_R23_EXIT_C,0.02287686832013317
5,67,x_R02_EXIT_A,x_R23_EXIT_B,0.01276610955364574
5,68,x_R02_EXIT_A,x_R23_EXIT_A,0.0021957708432270677
5,69,x_R02_EXIT_A,x_R24_EXIT_C,0.11179282136127573
5,70,x_R02_EXIT_A,x_R24_EXIT_B,0.06629440691208234
5,71,x_R02_EXIT_A,x_R24_EXIT_A,0.0028723746495702917
6,6,x_R03_EXIT_C,x_R03_EXIT_C,-2.184417993358922
6,7,x_R03_EXIT_C,x_R03_EXIT_B,4.428135475363256
6,8,x_R03_EXIT_C,x_R03_EXIT_A,4.428135475363256
6,9,x_R03_EXIT_C,x_R04_EXIT_C,0.0006808591761944396
6,12,x_R03_EXIT_C,x_R05_EXIT_C,0.0006808591761944396
6,13,x_R03_EXIT_C,x_R05_EXIT_B,0.00030638662928749783
6,14,x_R03_EXIT_C,x_R05_EXIT_A,0.00030638662928749783
6,15,x_R03_EXIT_C,x_R06_EXIT_C,0.0006808591761944396
6,16,x_R03_EXIT_C,x_R06_EXIT_B,0.00030638662928749783
6,17,x_R03_EXIT_C,x_R06_EXIT_A,0.00030638662928749783
6,18,x_R03_EXIT_C,x_R07_EXIT_C,0.001753212378700682
6,19,x_R03_EXIT_C,x_R07_EXIT_B,0.0007659665732187446
6,20,x_R03_EXIT_C,x_R07_EXIT_A,0.0007659665732187446
6,21,x_R03_EXIT_C,x_R08_EXIT_C,0.0006808591761944396
6,24,x_R03_EXIT_C,x_R09_EXIT_C,0.0019744916109638746
6,27,x_R03_EXIT_C,x_R10_EXIT_C,0.000723412874706592
6,30,x_R03_EXIT_C,x_R11_EXIT_C,0.000876606189350341
6,31,x_R03_EXIT_C,x_R11_EXIT_B,0.0003829832866093723
6,32,x_R03_EXIT_C,x_R11_EXIT_A,0.0003829832866093723
6,33,x_R03_EXIT_C,x_R12_EXIT_C,0.0014808687082229059
6,36,x_R03_EXIT_C,x_R13_EXIT_C,0.0019744916109638746
6,39,x_R03_EXIT_C,x_R14_EXIT_C,0.0009872458054819373
6,42,x_R03_EXIT_C,x_R15_EXIT_C,0.0009872458054819373
6,45,x_R03_EXIT_C,x_R16_EXIT_C,0.0019744916109638746
6,48,x_R03_EXIT_C,x_R17_EXIT_C,0.0004936229027409687
6,51,x_R03_EXIT_C,x_R18_EXIT_C,0.0019744916109638746
6,54,x_R03_EXIT_C,x_R19_EXIT_C,0.0019744916109638746
6,57,x_R03_EXIT_C,x_R20_EXIT_C,0.0019744916109638746
6,60,x_R03_EXIT_C,x_R21_EXIT_C,0.0019744916109638746
6,63,x_R03_EXIT_C,x_R22_EXIT_C,0.0019744916109638746
6,66,x_R03_EXIT_C,x_R23_EXIT_C,0.0019744916109638746
6,69,x_R03_EXIT_C,x_R24_EXIT_C,0.008885212249337438
7,7,x_R03_EXIT_B,x_R03_EXIT_B,-2.1719618508147147
7,8,x_R03_EXIT_B,x_R03_EXIT_A,4.429054635251118
7,10,x_R03_EXIT_B,x_R04_EXIT_B,0.0019064056933444306
7,11,x_R03_EXIT_B,x_R04_EXIT_A,0.0007659665732187446
7,13,x_R03_EXIT_B,x_R05_EXIT_B,0.0020595990079881796
7,14,x_R03_EXIT_B,x_R05_EXIT_A,0.0009191598878624935
7,16,x_R03_EXIT_B,x_R06_EXIT_B,0.0020595990079881796
7,17,x_R03_EXIT_B,x_R06_EXIT_A,0.0009191598878624935
7,18,x_R03_EXIT_B,x_R07_EXIT_C,0.0007659665732187446
7,19,x_R03_EXIT_B,x_R07_EXIT_B,0.002825565581206924
7,20,x_R03_EXIT_B,x_R07_EXIT_A,0.001685126461081238
7,22,x_R03_EXIT_B,x_R08_EXIT_B,0.0019064056933444306
7,23,x_R03_EXIT_B,x_R08_EXIT_A,0.0007659665732187446
7,24,x_R03_EXIT_B,x_R09_EXIT_C,0.00030638662928749783
7,25,x_R03_EXIT_B,x_R09_EXIT_B,0.003812811386688861
7,26,x_R03_EXIT_B,x_R09_EXIT_A,0.0015319331464374892
7,27,x_R03_EXIT_B,x_R10_EXIT_C,0.00022978997196562338
7,28,x_R03_EXIT_B,x_R10_EXIT_B,0.000876606189350341
7,29,x_R03_EXIT_B,x_R10_EXIT_A,0.00030638662928749783
7,30,x_R03_EXIT_B,x_R11_EXIT_C,0.0003829832866093723
7,31,x_R03_EXIT_B,x_R11_EXIT_B,0.001412782790603462
7,32,x_R03_EXIT_B,x_R11_EXIT_A,0.000842563230540619
7,33,x_R03_EXIT_B,x_R12_EXIT_C,0.0009191598878624933
7,34,x_R03_EXIT_B,x_R12_EXIT_B,0.002170238624119776
7,35,x_R03_EXIT_B,x_R12_EXIT_A,0.00045957994393124664
7,36,x_R03_EXIT_B,x_R13_EXIT_C,0.0012255465171499913
7,37,x_R03_EXIT_B,x_R13_EXIT_B,0.0028936514988263684
7,38,x_R03_EXIT_B,x_R13_EXIT_A,0.0006127732585749957
7,39,x_R03_EXIT_B,x_R14_EXIT_C,0.0009191598878624935
7,40,x_R03_EXIT_B,x_R14_EXIT_B,0.0006808591761944396
7,42,x_R03_EXIT_B,x_R15_EXIT_C,0.0009191598878624935
7,43,x_R03_EXIT_B,x_R15_EXIT_B,0.0011404391201256863
7,45,x_R03_EXIT_B,x_R16_EXIT_C,0.001838319775724987
7,46,x_R03_EXIT_B,x_R16_EXIT_B,0.0022808782402513727
7,48,x_R03_EXIT_B,x_R17_EXIT_C,0.0009191598878624933
7,49,x_R03_EXIT_B,x_R17_EXIT_B,0.00011063961613159644
7,50,x_R03_EXIT_B,x_R17_EXIT_A,0.00045957994393124675
7,51,x_R03_EXIT_B,x_R18_EXIT_C,0.001838319775724987
7,52,x_R03_EXIT_B,x_R18_EXIT_B,0.0022808782402513727
7,54,x_R03_EXIT_B,x_R19_EXIT_C,0.001838319775724987
7,55,x_R03_EXIT_B,x_R19_EXIT_B,0.0022808782402513727
7,57,x_R03_EXIT_B,x_R20_EXIT_C,0.001838319775724987
7,58,x_R03_EXIT_B,x_R20_EXIT_B,0.0022808782402513727
7,60,x_R03_EXIT_B,x_R21_EXIT_C,0.001838319775724987
7,61,x_R03_EXIT_B,x_R21_EXIT_B,0.0022808782402513727
7,63,x_R03_EXIT_B,x_R22_EXIT_C,0.001838319775724987
7,64,x_R03_EXIT_B,x_R22_EXIT_B,0.0022808782402513727
7,66,x_R03_EXIT_B,x_R23_EXIT_C,0.001838319775724987
7,67,x_R03_EXIT_B,x_R23_EXIT_B,0.0022808782402513727
7,69,x_R03_EXIT_B,x_R24_EXIT_C,0.00827243899076244
7,70,x_R03_EXIT_B,x_R24_EXIT_B,0.010263952081131176
8,8,x_R03_EXIT_A,x_R03_EXIT_A,-2.160608377314781
8,10,x_R03_EXIT_A,x_R04_EXIT_B,0.0007659665732187446
8,11,x_R03_EXIT_A,x_R04_EXIT_A,0.0033276992236503235
8,13,x_R03_EXIT_A,x_R05_EXIT_B,0.0009191598878624935
8,14,x_R03_EXIT_A,x_R05_EXIT_A,0.003480892538294072
8,16,x_R03_EXIT_A,x_R06_EXIT_B,0.0009191598878624935
8,17,x_R03_EXIT_A,x_R06_EXIT_A,0.003480892538294072
8,18,x_R03_EXIT_A,x_R07_EXIT_C,0.0007659665732187446
8,19,x_R03_EXIT_A,x_R07_EXIT_B,0.001685126461081238
8,20,x_R03_EXIT_A,x_R07_EXIT_A,0.004246859111512816
8,22,x_R03_EXIT_A,x_R08_EXIT_B,0.0007659665732187446
8,23,x_R03_EXIT_A,x_R08_EXIT_A,0.0033276992236503235
8,24,x_R03_EXIT_A,x_R09_EXIT_C,0.00030638662928749783
8,25,x_R03_EXIT_A,x_R09_EXIT_B,0.0015319331464374892
8,26,x_R03_EXIT_A,x_R09_EXIT_A,0.006655398447300647
8,27,x_R03_EXIT_A,x_R10_EXIT_C,0.00022978997196562338
8,28,x_R03_EXIT_A,x_R10_EXIT_B,0.00030638662928749783
8,29,x_R03_EXIT_A,x_R10_EXIT_A,0.001587252954503287
8,30,x_R03_EXIT_A,x_R11_EXIT_C,0.0003829832866093723
8,31,x_R03_EXIT_A,x_R11_EXIT_B,0.000842563230540619
8,32,x_R03_EXIT_A,x_R11_EXIT_A,0.002123429555756408
8,33,x_R03_EXIT_A,x_R12_EXIT_C,0.0009191598878624933
8,34,x_R03_EXIT_A,x_R12_EXIT_B,0.00045957994393124664
8,35,x_R03_EXIT_A,x_R12_EXIT_A,0.004302178919578615
8,36,x_R03_EXIT_A,x_R13_EXIT_C,0.0012255465171499913
8,37,x_R03_EXIT_A,x_R13_EXIT_B,0.0006127732585749957
8,38,x_R03_EXIT_A,x_R13_EXIT_A,0.005736238559438153
8,39,x_R03_EXIT_A,x_R14_EXIT_C,0.0012255465171499911
8,41,x_R03_EXIT_A,x_R14_EXIT_A,0.002255346021144081
8,42,x_R03_EXIT_A,x_R15_EXIT_C,0.0012255465171499911
8,43,x_R03_EXIT_A,x_R15_EXIT_B,0.00030638662928749783
8,44,x_R03_EXIT_A,x_R15_EXIT_A,0.002255346021144081
8,45,x_R03_EXIT_A,x_R16_EXIT_C,0.001838319775724987
8,47,x_R03_EXIT_A,x_R16_EXIT_A,0.005123465300863158
8,48,x_R03_EXIT_A,x_R17_EXIT_C,0.00045957994393124675
8,50,x_R03_EXIT_A,x_R17_EXIT_A,0.0012808663252157895
8,51,x_R03_EXIT_A,x_R18_EXIT_C,0.0030638662928749775
8,52,x_R03_EXIT_A,x_R18_EXIT_B,0.0012255465171499913
8,53,x_R03_EXIT_A,x_R18_EXIT_A,0.003455360319186781
8,54,x_R03_EXIT_A,x_R19_EXIT_C,0.003370252922162475
8,55,x_R03_EXIT_A,x_R19_EXIT_B,0.0015319331464374892
8,56,x_R03_EXIT_A,x_R19_EXIT_A,0.0035915321544256686
8,57,x_R03_EXIT_A,x_R20_EXIT_C,0.006093689626940234
8,58,x_R03_EXIT_A,x_R20_EXIT_B,0.004255369851215247
8,59,x_R03_EXIT_A,x_R20_EXIT_A,0.00021276849256076237
8,60,x_R03_EXIT_A,x_R21_EXIT_C,0.006093689626940234
8,61,x_R03_EXIT_A,x_R21_EXIT_B,0.004255369851215247
8,62,x_R03_EXIT_A,x_R21_EXIT_A,0.0007319236144090226
8,63,x_R03_EXIT_A,x_R22_EXIT_C,0.006093689626940234
8,64,x_R03_EXIT_A,x_R22_EXIT_B,0.004255369851215247
8,65,x_R03_EXIT_A,x_R22_EXIT_A,0.00021276849256076237
8,66,x_R03_EXIT_A,x_R23_EXIT_C,0.006093689626940234
8,67,x_R03_EXIT_A,x_R23_EXIT_B,0.004255369851215247
8,68,x_R03_EXIT_A,x_R23_EXIT_A,0.0007319236144090226
8,69,x_R03_EXIT_A,x_R24_EXIT_C,0.03037057462812322
8,70,x_R03_EXIT_A,x_R24_EXIT_B,0.022098135637360784
8,71,x_R03_EXIT_A,x_R24_EXIT_A,0.0009574582165234306
9,9,x_R04_EXIT_C,x_R04_EXIT_C,-2.1875770625469513
9,10,x_R04_EXIT_C,x_R04_EXIT_B,4.427131208078369
9,11,x_R04_EXIT_C,x_R04_EXIT_A,4.427131208078369
9,12,x_R04_EXIT_C,x_R05_EXIT_C,0.0019064056933444308
9,13,x_R04_EXIT_C,x_R05_EXIT_B,0.0012255465171499913
9,14,x_R04_EXIT_C,x_R05_EXIT_A,0.0012255465171499913
9,15,x_R04_EXIT_C,x_R06_EXIT_C,0.0006808591761944396
9,18,x_R04_EXIT_C,x_R07_EXIT_C,0.0006808591761944396
9,21,x_R04_EXIT_C,x_R08_EXIT_C,0.0033362099633527545
9,24,x_R04_EXIT_C,x_R09_EXIT_C,0.0013617183523888792
9,27,x_R04_EXIT_C,x_R10_EXIT_C,0.0003404295880972198
9,30,x_R04_EXIT_C,x_R11_EXIT_C,0.0003404295880972198
9,33,x_R04_EXIT_C,x_R12_EXIT_C,0.0010212887642916592
9,36,x_R04_EXIT_C,x_R13_EXIT_C,0.0013617183523888792
9,39,x_R04_EXIT_C,x_R14_EXIT_C,0.0006808591761944396
9,42,x_R04_EXIT_C,x_R15_EXIT_C,0.0006808591761944396
9,45,x_R04_EXIT_C,x_R16_EXIT_C,0.0013617183523888792
9,48,x_R04_EXIT_C,x_R17_EXIT_C,0.0003404295880972198
9,51,x_R04_EXIT_C,x_R18_EXIT_C,0.0013617183523888792
9,54,x_R04_EXIT_C,x_R19_EXIT_C,0.0013617183523888792
9,57,x_R04_EXIT_C,x_R20_EXIT_C,0.0013617183523888792
9,60,x_R04_EXIT_C,x_R21_EXIT_C,0.0013617183523888792
9,63,x_R04_EXIT_C,x_R22_EXIT_C,0.0013617183523888792
9,66,x_R04_EXIT_C,x_R23_EXIT_C,0.0013617183523888792
9,69,x_R04_EXIT_C,x_R24_EXIT_C,0.006127732585749956
10,10,x_R04_EXIT_B,x_R04_EXIT_B,-2.175657096603997
10,11,x_R04_EXIT_B,x_R04_EXIT_A,4.429326978921596
10,13,x_R04_EXIT_B,x_R05_EXIT_B,0.0019064056933444306
10,14,x_R04_EXIT_B,x_R05_EXIT_A,0.0007659665732187446
10,16,x_R04_EXIT_B,x_R06_EXIT_B,0.0019064056933444306
10,17,x_R04_EXIT_B,x_R06_EXIT_A,0.0007659665732187446
10,19,x_R04_EXIT_B,x_R07_EXIT_B,0.0019064056933444306
10,20,x_R04_EXIT_B,x_R07_EXIT_A,0.0007659665732187446
10,22,x_R04_EXIT_B,x_R08_EXIT_B,0.0032681240457333102
10,23,x_R04_EXIT_B,x_R08_EXIT_A,0.002127684925607623
10,24,x_R04_EXIT_B,x_R09_EXIT_C,0.0027234367047777584
10,25,x_R04_EXIT_B,x_R09_EXIT_B,0.0065362480914666204
10,26,x_R04_EXIT_B,x_R09_EXIT_A,0.004255369851215246
10,28,x_R04_EXIT_B,x_R10_EXIT_B,0.000876606189350341
10,29,x_R04_EXIT_B,x_R10_EXIT_A,0.00030638662928749783
10,31,x_R04_EXIT_B,x_R11_EXIT_B,0.0009532028466722153
10,32,x_R04_EXIT_B,x_R11_EXIT_A,0.0003829832866093723
10,33,x_R04_EXIT_B,x_R12_EXIT_C,0.00068936991589687
10,34,x_R04_EXIT_B,x_R12_EXIT_B,0.002170238624119776
10,35,x_R04_EXIT_B,x_R12_EXIT_A,0.00045957994393124664
10,36,x_R04_EXIT_B,x_R13_EXIT_C,0.0009191598878624935
10,37,x_R04_EXIT_B,x_R13_EXIT_B,0.0028936514988263684
10,38,x_R04_EXIT_B,x_R13_EXIT_A,0.0006127732585749957
10,39,x_R04_EXIT_B,x_R14_EXIT_C,0.0007659665732187446
10,40,x_R04_EXIT_B,x_R14_EXIT_B,0.0006808591761944396
10,42,x_R04_EXIT_B,x_R15_EXIT_C,0.0007659665732187446
10,43,x_R04_EXIT_B,x_R15_EXIT_B,0.0011404391201256863
10,45,x_R04_EXIT_B,x_R16_EXIT_C,0.0015319331464374892
10,46,x_R04_EXIT_B,x_R16_EXIT_B,0.0022808782402513727
10,48,x_R04_EXIT_B,x_R17_EXIT_C,0.000842563230540619
10,49,x_R04_EXIT_B,x_R17_EXIT_B,0.00011063961613159644
10,50,x_R04_EXIT_B,x_R17_EXIT_A,0.00045957994393124675
10,51,x_R04_EXIT_B,x_R18_EXIT_C,0.0015319331464374892
10,52,x_R04_EXIT_B,x_R18_EXIT_B,0.0022808782402513727
10,54,x_R04_EXIT_B,x_R19_EXIT_C,0.0015319331464374892
10,55,x_R04_EXIT_B,x_R19_EXIT_B,0.0022808782402513727
10,57,x_R04_EXIT_B,x_R20_EXIT_C,0.0015319331464374892
10,58,x_R04_EXIT_B,x_R20_EXIT_B,0.0022808782402513727
10,60,x_R04_EXIT_B,x_R21_EXIT_C,0.0015319331464374892
10,61,x_R04_EXIT_B,x_R21_EXIT_B,0.0022808782402513727
10,63,x_R04_EXIT_B,x_R22_EXIT_C,0.0015319331464374892
10,64,x_R04_EXIT_B,x_R22_EXIT_B,0.0022808782402513727
10,66,x_R04_EXIT_B,x_R23_EXIT_C,0.0015319331464374892
10,67,x_R04_EXIT_B,x_R23_EXIT_B,0.0022808782402513727
10,69,x_R04_EXIT_B,x_R24_EXIT_C,0.006893699158968702
10,70,x_R04_EXIT_B,x_R24_EXIT_B,0.010263952081131176
11,11,x_R04_EXIT_A,x_R04_EXIT_A,-2.1643036231040633
11,13,x_R04_EXIT_A,x_R05_EXIT_B,0.0007659665732187446
11,14,x_R04_EXIT_A,x_R05_EXIT_A,0.0033276992236503235
11,16,x_R04_EXIT_A,x_R06_EXIT_B,0.0007659665732187446
11,17,x_R04_EXIT_A,x_R06_EXIT_A,0.0033276992236503235
11,19,x_R04_EXIT_A,x_R07_EXIT_B,0.0007659665732187446
11,20,x_R04_EXIT_A,x_R07_EXIT_A,0.0033276992236503235
11,22,x_R04_EXIT_A,x_R08_EXIT_B,0.002127684925607623
11,23,x_R04_EXIT_A,x_R08_EXIT_A,0.004689417576039202
11,24,x_R04_EXIT_A,x_R09_EXIT_C,0.0027234367047777584
11,25,x_R04_EXIT_A,x_R09_EXIT_B,0.004255369851215246
11,26,x_R04_EXIT_A,x_R09_EXIT_A,0.009378835152078404
11,28,x_R04_EXIT_A,x_R10_EXIT_B,0.00030638662928749783
11,29,x_R04_EXIT_A,x_R10_EXIT_A,0.001587252954503287
11,31,x_R04_EXIT_A,x_R11_EXIT_B,0.0003829832866093723
11,32,x_R04_EXIT_A,x_R11_EXIT_A,0.0016638496118251617
11,33,x_R04_EXIT_A,x_R12_EXIT_C,0.00068936991589687
11,34,x_R04_EXIT_A,x_R12_EXIT_B,0.00045957994393124664
11,35,x_R04_EXIT_A,x_R12_EXIT_A,0.004302178919578615
11,36,x_R04_EXIT_A,x_R13_EXIT_C,0.0009191598878624935
11,37,x_R04_EXIT_A,x_R13_EXIT_B,0.0006127732585749957
11,38,x_R04_EXIT_A,x_R13_EXIT_A,0.005736238559438153
11,39,x_R04_EXIT_A,x_R14_EXIT_C,0.0010723532025062423
11,41,x_R04_EXIT_A,x_R14_EXIT_A,0.002255346021144081
11,42,x_R04_EXIT_A,x_R15_EXIT_C,0.0010723532025062423
11,43,x_R04_EXIT_A,x_R15_EXIT_B,0.00030638662928749783
11,44,x_R04_EXIT_A,x_R15_EXIT_A,0.002255346021144081
11,45,x_R04_EXIT_A,x_R16_EXIT_C,0.0015319331464374892
11,47,x_R04_EXIT_A,x_R16_EXIT_A,0.005123465300863158
11,48,x_R04_EXIT_A,x_R17_EXIT_C,0.0003829832866093723
11,50,x_R04_EXIT_A,x_R17_EXIT_A,0.0012808663252157895
11,51,x_R04_EXIT_A,x_R18_EXIT_C,0.00275747966358748
11,52,x_R04_EXIT_A,x_R18_EXIT_B,0.0012255465171499913
11,53,x_R04_EXIT_A,x_R18_EXIT_A,0.003455360319186781
11,54,x_R04_EXIT_A,x_R19_EXIT_C,0.0030638662928749775
11,55,x_R04_EXIT_A,x_R19_EXIT_B,0.0015319331464374892
11,56,x_R04_EXIT_A,x_R19_EXIT_A,0.0035915321544256686
11,57,x_R04_EXIT_A,x_R20_EXIT_C,0.005787302997652736
11,58,x_R04_EXIT_A,x_R20_EXIT_B,0.004255369851215247
11,59,x_R04_EXIT_A,x_R20_EXIT_A,0.00021276849256076237
11,60,x_R04_EXIT_A,x_R21_EXIT_C,0.005787302997652736
11,61,x_R04_EXIT_A,x_R21_EXIT_B,0.004255369851215247
11,62,x_R04_EXIT_A,x_R21_EXIT_A,0.0007319236144090226
11,63,x_R04_EXIT_A,x_R22_EXIT_C,0.005787302997652736
11,64,x_R04_EXIT_A,x_R22_EXIT_B,0.004255369851215247
11,65,x_R04_EXIT_A,x_R22_EXIT_A,0.00021276849256076237
11,66,x_R04_EXIT_A,x_R23_EXIT_C,0.005787302997652736
11,67,x_R04_EXIT_A,x_R23_EXIT_B,0.004255369851215247
11,68,x_R04_EXIT_A,x_R23_EXIT_A,0.0007319236144090226
11,69,x_R04_EXIT_A,x_R24_EXIT_C,0.028991834796329483
11,70,x_R04_EXIT_A,x_R24_EXIT_B,0.022098135637360784
11,71,x_R04_EXIT_A,x_R24_EXIT_A,0.0009574582165234306
12,12,x_R05_EXIT_C,x_R05_EXIT_C,-2.1991558945647296
12,13,x_R05_EXIT_C,x_R05_EXIT_B,4.4270631221607495
12,14,x_R05_EXIT_C,x_R05_EXIT_A,4.4270631221607495
12,15,x_R05_EXIT_C,x_R06_EXIT_C,0.0006808591761944396
12,18,x_R05_EXIT_C,x_R07_EXIT_C,0.0006808591761944396
12,21,x_R05_EXIT_C,x_R08_EXIT_C,0.0019064056933444308
12,24,x_R05_EXIT_C,x_R09_EXIT_C,0.0013617183523888792
12,27,x_R05_EXIT_C,x_R10_EXIT_C,0.0003404295880972198
12,30,x_R05_EXIT_C,x_R11_EXIT_C,0.0003404295880972198
12,33,x_R05_EXIT_C,x_R12_EXIT_C,0.0010212887642916592
12,36,x_R05_EXIT_C,x_R13_EXIT_C,0.0013617183523888792
12,39,x_R05_EXIT_C,x_R14_EXIT_C,0.0006808591761944396
12,42,x_R05_EXIT_C,x_R15_EXIT_C,0.0006808591761944396
12,45,x_R05_EXIT_C,x_R16_EXIT_C,0.0013617183523888792
12,48,x_R05_EXIT_C,x_R17_EXIT_C,0.0003404295880972198
12,51,x_R05_EXIT_C,x_R18_EXIT_C,0.0013617183523888792
12,54,x_R05_EXIT_C,x_R19_EXIT_C,0.0013617183523888792
12,57,x_R05_EXIT_C,x_R20_EXIT_C,0.0013617183523888792
12,60,x_R05_EXIT_C,x_R21_EXIT_C,0.0013617183523888792
12,63,x_R05_EXIT_C,x_R22_EXIT_C,0.0013617183523888792
12,66,x_R05_EXIT_C,x_R23_EXIT_C,0.0013617183523888792
12,69,x_R05_EXIT_C,x_R24_EXIT_C,0.006127732585749956
13,13,x_R05_EXIT_B,x_R05_EXIT_B,-2.179581956280975
13,14,x_R05_EXIT_B,x_R05_EXIT_A,4.4282886686779
13,16,x_R05_EXIT_B,x_R06_EXIT_B,0.0023659856372756772
13,17,x_R05_EXIT_B,x_R06_EXIT_A,0.0012255465171499911
13,18,x_R05_EXIT_B,x_R07_EXIT_C,0.00030638662928749783
13,19,x_R05_EXIT_B,x_R07_EXIT_B,0.0020595990079881796
13,20,x_R05_EXIT_B,x_R07_EXIT_A,0.0009191598878624935
13,21,x_R05_EXIT_B,x_R08_EXIT_C,0.0012255465171499913
13,22,x_R05_EXIT_B,x_R08_EXIT_B,0.0019064056933444306
13,23,x_R05_EXIT_B,x_R08_EXIT_A,0.0007659665732187446
13,24,x_R05_EXIT_B,x_R09_EXIT_C,0.0009191598878624935
13,25,x_R05_EXIT_B,x_R09_EXIT_B,0.003812811386688861
13,26,x_R05_EXIT_B,x_R09_EXIT_A,0.0015319331464374892
13,27,x_R05_EXIT_B,x_R10_EXIT_C,0.00015319331464374892
13,28,x_R05_EXIT_B,x_R10_EXIT_B,0.000876606189350341
13,29,x_R05_EXIT_B,x_R10_EXIT_A,0.00030638662928749783
13,30,x_R05_EXIT_B,x_R11_EXIT_C,0.00015319331464374892
13,31,x_R05_EXIT_B,x_R11_EXIT_B,0.0010297995039940898
13,32,x_R05_EXIT_B,x_R11_EXIT_A,0.00045957994393124675
13,33,x_R05_EXIT_B,x_R12_EXIT_C,0.00137873983179374
13,34,x_R05_EXIT_B,x_R12_EXIT_B,0.002170238624119776
13,35,x_R05_EXIT_B,x_R12_EXIT_A,0.00045957994393124664
13,36,x_R05_EXIT_B,x_R13_EXIT_C,0.001838319775724987
13,37,x_R05_EXIT_B,x_R13_EXIT_B,0.0028936514988263684
13,38,x_R05_EXIT_B,x_R13_EXIT_A,0.0006127732585749957
13,39,x_R05_EXIT_B,x_R14_EXIT_C,0.0012255465171499911
13,40,x_R05_EXIT_B,x_R14_EXIT_B,0.0006808591761944396
13,42,x_R05_EXIT_B,x_R15_EXIT_C,0.0012255465171499911
13,43,x_R05_EXIT_B,x_R15_EXIT_B,0.0011404391201256863
13,45,x_R05_EXIT_B,x_R16_EXIT_C,0.0024510930342999822
13,46,x_R05_EXIT_B,x_R16_EXIT_B,0.0022808782402513727
13,48,x_R05_EXIT_B,x_R17_EXIT_C,0.001072353202506242
13,49,x_R05_EXIT_B,x_R17_EXIT_B,0.00011063961613159644
13,50,x_R05_EXIT_B,x_R17_EXIT_A,0.00045957994393124675
13,51,x_R05_EXIT_B,x_R18_EXIT_C,0.0024510930342999822
13,52,x_R05_EXIT_B,x_R18_EXIT_B,0.0022808782402513727
13,54,x_R05_EXIT_B,x_R19_EXIT_C,0.0024510930342999822
13,55,x_R05_EXIT_B,x_R19_EXIT_B,0.0022808782402513727
13,57,x_R05_EXIT_B,x_R20_EXIT_C,0.0024510930342999822
13,58,x_R05_EXIT_B,x_R20_EXIT_B,0.0022808782402513727
13,60,x_R05_EXIT_B,x_R21_EXIT_C,0.0024510930342999822
13,61,x_R05_EXIT_B,x_R21_EXIT_B,0.0022808782402513727
13,63,x_R05_EXIT_B,x_R22_EXIT_C,0.0024510930342999822
13,64,x_R05_EXIT_B,x_R22_EXIT_B,0.0022808782402513727
13,66,x_R05_EXIT_B,x_R23_EXIT_C,0.0024510930342999822
13,67,x_R05_EXIT_B,x_R23_EXIT_B,0.0022808782402513727
13,69,x_R05_EXIT_B,x_R24_EXIT_C,0.01102991865434992
13,70,x_R05_EXIT_B,x_R24_EXIT_B,0.010263952081131176
14,14,x_R05_EXIT_A,x_R05_EXIT_A,-2.1682284827810414
14,16,x_R05_EXIT_A,x_R06_EXIT_B,0.0012255465171499911
14,17,x_R05_EXIT_A,x_R06_EXIT_A,0.00378727916758157
14,18,x_R05_EXIT_A,x_R07_EXIT_C,0.00030638662928749783
14,19,x_R05_EXIT_A,x_R07_EXIT_B,0.0009191598878624935
14,20,x_R05_EXIT_A,x_R07_EXIT_A,0.003480892538294072
14,21,x_R05_EXIT_A,x_R08_EXIT_C,0.0012255465171499913
14,22,x_R05_EXIT_A,x_R08_EXIT_B,0.0007659665732187446
14,23,x_R05_EXIT_A,x_R08_EXIT_A,0.0033276992236503235
14,24,x_R05_EXIT_A,x_R09_EXIT_C,0.0009191598878624935
14,25,x_R05_EXIT_A,x_R09_EXIT_B,0.0015319331464374892
14,26,x_R05_EXIT_A,x_R09_EXIT_A,0.006655398447300647
14,27,x_R05_EXIT_A,x_R10_EXIT_C,0.00015319331464374892
14,28,x_R05_EXIT_A,x_R10_EXIT_B,0.00030638662928749783
14,29,x_R05_EXIT_A,x_R10_EXIT_A,0.001587252954503287
14,30,x_R05_EXIT_A,x_R11_EXIT_C,0.00015319331464374892
14,31,x_R05_EXIT_A,x_R11_EXIT_B,0.00045957994393124675
14,32,x_R05_EXIT_A,x_R11_EXIT_A,0.001740446269147036
14,33,x_R05_EXIT_A,x_R12_EXIT_C,0.00137873983179374
14,34,x_R05_EXIT_A,x_R12_EXIT_B,0.00045957994393124664
14,35,x_R05_EXIT_A,x_R12_EXIT_A,0.004302178919578615
14,36,x_R05_EXIT_A,x_R13_EXIT_C,0.001838319775724987
14,37,x_R05_EXIT_A,x_R13_EXIT_B,0.0006127732585749957
14,38,x_R05_EXIT_A,x_R13_EXIT_A,0.005736238559438153
14,39,x_R05_EXIT_A,x_R14_EXIT_C,0.0015319331464374887
14,41,x_R05_EXIT_A,x_R14_EXIT_A,0.002255346021144081
14,42,x_R05_EXIT_A,x_R15_EXIT_C,0.0015319331464374887
14,43,x_R05_EXIT_A,x_R15_EXIT_B,0.00030638662928749783
14,44,x_R05_EXIT_A,x_R15_EXIT_A,0.002255346021144081
14,45,x_R05_EXIT_A,x_R16_EXIT_C,0.0024510930342999822
14,47,x_R05_EXIT_A,x_R16_EXIT_A,0.005123465300863158
14,48,x_R05_EXIT_A,x_R17_EXIT_C,0.0006127732585749956
14,50,x_R05_EXIT_A,x_R17_EXIT_A,0.0012808663252157895
14,51,x_R05_EXIT_A,x_R18_EXIT_C,0.003676639551449973
14,52,x_R05_EXIT_A,x_R18_EXIT_B,0.0012255465171499913
14,53,x_R05_EXIT_A,x_R18_EXIT_A,0.003455360319186781
14,54,x_R05_EXIT_A,x_R19_EXIT_C,0.003983026180737471
14,55,x_R05_EXIT_A,x_R19_EXIT_B,0.0015319331464374892
14,56,x_R05_EXIT_A,x_R19_EXIT_A,0.0035915321544256686
14,57,x_R05_EXIT_A,x_R20_EXIT_C,0.0067064628855152296
14,58,x_R05_EXIT_A,x_R20_EXIT_B,0.004255369851215247
14,59,x_R05_EXIT_A,x_R20_EXIT_A,0.00021276849256076237
14,60,x_R05_EXIT_A,x_R21_EXIT_C,0.0067064628855152296
14,61,x_R05_EXIT_A,x_R21_EXIT_B,0.004255369851215247
14,62,x_R05_EXIT_A,x_R21_EXIT_A,0.0007319236144090226
14,63,x_R05_EXIT_A,x_R22_EXIT_C,0.0067064628855152296
14,64,x_R05_EXIT_A,x_R22_EXIT_B,0.004255369851215247
14,65,x_R05_EXIT_A,x_R22_EXIT_A,0.00021276849256076237
14,66,x_R05_EXIT_A,x_R23_EXIT_C,0.0067064628855152296
14,67,x_R05_EXIT_A,x_R23_EXIT_B,0.004255369851215247
14,68,x_R05_EXIT_A,x_R23_EXIT_A,0.0007319236144090226
14,69,x_R05_EXIT_A,x_R24_EXIT_C,0.0331280542917107
14,70,x_R05_EXIT_A,x_R24_EXIT_B,0.022098135637360784
14,71,x_R05_EXIT_A,x_R24_EXIT_A,0.0009574582165234306
15,15,x_R06_EXIT_C,x_R06_EXIT_C,-2.1991558945647296
15,16,x_R06_EXIT_C,x_R06_EXIT_B,4.4270631221607495
15,17,x_R06_EXIT_C,x_R06_EXIT_A,4.4270631221607495
15,18,x_R06_EXIT_C,x_R07_EXIT_C,0.0006808591761944396
15,21,x_R06_EXIT_C,x_R08_EXIT_C,0.0006808591761944396
15,24,x_R06_EXIT_C,x_R09_EXIT_C,0.0013617183523888792
15,27,x_R06_EXIT_C,x_R10_EXIT_C,0.0003404295880972198
15,30,x_R06_EXIT_C,x_R11_EXIT_C,0.0003404295880972198
15,33,x_R06_EXIT_C,x_R12_EXIT_C,0.0010212887642916592
15,36,x_R06_EXIT_C,x_R13_EXIT_C,0.0013617183523888792
15,39,x_R06_EXIT_C,x_R14_EXIT_C,0.0006808591761944396
15,42,x_R06_EXIT_C,x_R15_EXIT_C,0.0006808591761944396
15,45,x_R06_EXIT_C,x_R16_EXIT_C,0.0013617183523888792
15,48,x_R06_EXIT_C,x_R17_EXIT_C,0.0003404295880972198
15,51,x_R06_EXIT_C,x_R18_EXIT_C,0.0013617183523888792
15,54,x_R06_EXIT_C,x_R19_EXIT_C,0.0013617183523888792
15,57,x_R06_EXIT_C,x_R20_EXIT_C,0.0013617183523888792
15,60,x_R06_EXIT_C,x_R21_EXIT_C,0.0013617183523888792
15,63,x_R06_EXIT_C,x_R22_EXIT_C,0.0013617183523888792
15,66,x_R06_EXIT_C,x_R23_EXIT_C,0.0013617183523888792
15,69,x_R06_EXIT_C,x_R24_EXIT_C,0.006127732585749956
16,16,x_R06_EXIT_B,x_R06_EXIT_B,-2.179581956280975
16,17,x_R06_EXIT_B,x_R06_EXIT_A,4.4282886686779
16,18,x_R06_EXIT_B,x_R07_EXIT_C,0.00030638662928749783
16,19,x_R06_EXIT_B,x_R07_EXIT_B,0.0020595990079881796
16,20,x_R06_EXIT_B,x_R07_EXIT_A,0.0009191598878624935
16,22,x_R06_EXIT_B,x_R08_EXIT_B,0.0019064056933444306
16,23,x_R06_EXIT_B,x_R08_EXIT_A,0.0007659665732187446
16,24,x_R06_EXIT_B,x_R09_EXIT_C,0.0009191598878624935
16,25,x_R06_EXIT_B,x_R09_EXIT_B,0.003812811386688861
16,26,x_R06_EXIT_B,x_R09_EXIT_A,0.0015319331464374892
16,27,x_R06_EXIT_B,x_R10_EXIT_C,0.00015319331464374892
16,28,x_R06_EXIT_B,x_R10_EXIT_B,0.000876606189350341
16,29,x_R06_EXIT_B,x_R10_EXIT_A,0.00030638662928749783
16,30,x_R06_EXIT_B,x_R11_EXIT_C,0.00015319331464374892
16,31,x_R06_EXIT_B,x_R11_EXIT_B,0.0010297995039940898
16,32,x_R06_EXIT_B,x_R11_EXIT_A,0.00045957994393124675
16,33,x_R06_EXIT_B,x_R12_EXIT_C,0.00137873983179374
16,34,x_R06_EXIT_B,x_R12_EXIT_B,0.002170238624119776
16,35,x_R06_EXIT_B,x_R12_EXIT_A,0.00045957994393124664
16,36,x_R06_EXIT_B,x_R13_EXIT_C,0.001838319775724987
16,37,x_R06_EXIT_B,x_R13_EXIT_B,0.0028936514988263684
16,38,x_R06_EXIT_B,x_R13_EXIT_A,0.0006127732585749957
16,39,x_R06_EXIT_B,x_R14_EXIT_C,0.0012255465171499911
16,40,x_R06_EXIT_B,x_R14_EXIT_B,0.0006808591761944396
16,42,x_R06_EXIT_B,x_R15_EXIT_C,0.0012255465171499911
16,43,x_R06_EXIT_B,x_R15_EXIT_B,0.0011404391201256863
16,45,x_R06_EXIT_B,x_R16_EXIT_C,0.0024510930342999822
16,46,x_R06_EXIT_B,x_R16_EXIT_B,0.0022808782402513727
16,48,x_R06_EXIT_B,x_R17_EXIT_C,0.001072353202506242
16,49,x_R06_EXIT_B,x_R17_EXIT_B,0.00011063961613159644
16,50,x_R06_EXIT_B,x_R17_EXIT_A,0.00045957994393124675
16,51,x_R06_EXIT_B,x_R18_EXIT_C,0.0024510930342999822
16,52,x_R06_EXIT_B,x_R18_EXIT_B,0.0022808782402513727
16,54,x_R06_EXIT_B,x_R19_EXIT_C,0.0024510930342999822
16,55,x_R06_EXIT_B,x_R19_EXIT_B,0.0022808782402513727
16,57,x_R06_EXIT_B,x_R20_EXIT_C,0.0024510930342999822
16,58,x_R06_EXIT_B,x_R20_EXIT_B,0.0022808782402513727
16,60,x_R06_EXIT_B,x_R21_EXIT_C,0.0024510930342999822
16,61,x_R06_EXIT_B,x_R21_EXIT_B,0.0022808782402513727
16,63,x_R06_EXIT_B,x_R22_EXIT_C,0.0024510930342999822
16,64,x_R06_EXIT_B,x_R22_EXIT_B,0.0022808782402513727
16,66,x_R06_EXIT_B,x_R23_EXIT_C,0.0024510930342999822
16,67,x_R06_EXIT_B,x_R23_EXIT_B,0.0022808782402513727
16,69,x_R06_EXIT_B,x_R24_EXIT_C,0.01102991865434992
16,70,x_R06_EXIT_B,x_R24_EXIT_B,0.010263952081131176
17,17,x_R06_EXIT_A,x_R06_EXIT_A,-2.1682284827810414
17,18,x_R06_EXIT_A,x_R07_EXIT_C,0.00030638662928749783
17,19,x_R06_EXIT_A,x_R07_EXIT_B,0.0009191598878624935
17,20,x_R06_EXIT_A,x_R07_EXIT_A,0.003480892538294072
17,22,x_R06_EXIT_A,x_R08_EXIT_B,0.0007659665732187446
17,23,x_R06_EXIT_A,x_R08_EXIT_A,0.0033276992236503235
17,24,x_R06_EXIT_A,x_R09_EXIT_C,0.0009191598878624935
17,25,x_R06_EXIT_A,x_R09_EXIT_B,0.0015319331464374892
17,26,x_R06_EXIT_A,x_R09_EXIT_A,0.006655398447300647
17,27,x_R06_EXIT_A,x_R10_EXIT_C,0.00015319331464374892
17,28,x_R06_EXIT_A,x_R10_EXIT_B,0.00030638662928749783
17,29,x_R06_EXIT_A,x_R10_EXIT_A,0.001587252954503287
17,30,x_R06_EXIT_A,x_R11_EXIT_C,0.00015319331464374892
17,31,x_R06_EXIT_A,x_R11_EXIT_B,0.00045957994393124675
17,32,x_R06_EXIT_A,x_R11_EXIT_A,0.001740446269147036
17,33,x_R06_EXIT_A,x_R12_EXIT_C,0.00137873983179374
17,34,x_R06_EXIT_A,x_R12_EXIT_B,0.00045957994393124664
17,35,x_R06_EXIT_A,x_R12_EXIT_A,0.004302178919578615
17,36,x_R06_EXIT_A,x_R13_EXIT_C,0.001838319775724987
17,37,x_R06_EXIT_A,x_R13_EXIT_B,0.0006127732585749957
17,38,x_R06_EXIT_A,x_R13_EXIT_A,0.005736238559438153
17,39,x_R06_EXIT_A,x_R14_EXIT_C,0.0015319331464374887
17,41,x_R06_EXIT_A,x_R14_EXIT_A,0.002255346021144081
17,42,x_R06_EXIT_A,x_R15_EXIT_C,0.0015319331464374887
17,43,x_R06_EXIT_A,x_R15_EXIT_B,0.00030638662928749783
17,44,x_R06_EXIT_A,x_R15_EXIT_A,0.002255346021144081
17,45,x_R06_EXIT_A,x_R16_EXIT_C,0.0024510930342999822
17,47,x_R06_EXIT_A,x_R16_EXIT_A,0.005123465300863158
17,48,x_R06_EXIT_A,x_R17_EXIT_C,0.0006127732585749956
17,50,x_R06_EXIT_A,x_R17_EXIT_A,0.0012808663252157895
17,51,x_R06_EXIT_A,x_R18_EXIT_C,0.003676639551449973
17,52,x_R06_EXIT_A,x_R18_EXIT_B,0.0012255465171499913
17,53,x_R06_EXIT_A,x_R18_EXIT_A,0.003455360319186781
17,54,x_R06_EXIT_A,x_R19_EXIT_C,0.003983026180737471
17,55,x_R06_EXIT_A,x_R19_EXIT_B,0.0015319331464374892
17,56,x_R06_EXIT_A,x_R19_EXIT_A,0.0035915321544256686
17,57,x_R06_EXIT_A,x_R20_EXIT_C,0.0067064628855152296
17,58,x_R06_EXIT_A,x_R20_EXIT_B,0.004255369851215247
17,59,x_R06_EXIT_A,x_R20_EXIT_A,0.00021276849256076237
17,60,x_R06_EXIT_A,x_R21_EXIT_C,0.0067064628855152296
17,61,x_R06_EXIT_A,x_R21_EXIT_B,0.004255369851215247
17,62,x_R06_EXIT_A,x_R21_EXIT_A,0.0007319236144090226
17,63,x_R06_EXIT_A,x_R22_EXIT_C,0.0067064628855152296
17,64,x_R06_EXIT_A,x_R22_EXIT_B,0.004255369851215247
17,65,x_R06_EXIT_A,x_R22_EXIT_A,0.00021276849256076237
17,66,x_R06_EXIT_A,x_R23_EXIT_C,0.0067064628855152296
17,67,x_R06_EXIT_A,x_R23_EXIT_B,0.004255369851215247
17,68,x_R06_EXIT_A,x_R23_EXIT_A,0.0007319236144090226
17,69,x_R06_EXIT_A,x_R24_EXIT_C,0.0331280542917107
17,70,x_R06_EXIT_A,x_R24_EXIT_B,0.022098135637360784
17,71,x_R06_EXIT_A,x_R24_EXIT_A,0.0009574582165234306
18,18,x_R07_EXIT_C,x_R07_EXIT_C,-2.1879768912286957
18,19,x_R07_EXIT_C,x_R07_EXIT_B,4.427829088733969
18,20,x_R07_EXIT_C,x_R07_EXIT_A,4.427829088733969
18,21,x_R07_EXIT_C,x_R08_EXIT_C,0.0006808591761944396
18,24,x_R07_EXIT_C,x_R09_EXIT_C,0.0019744916109638746
18,27,x_R07_EXIT_C,x_R10_EXIT_C,0.000723412874706592
18,30,x_R07_EXIT_C,x_R11_EXIT_C,0.000876606189350341
18,31,x_R07_EXIT_C,x_R11_EXIT_B,0.0003829832866093723
18,32,x_R07_EXIT_C,x_R11_EXIT_A,0.0003829832866093723
18,33,x_R07_EXIT_C,x_R12_EXIT_C,0.0014808687082229059
18,36,x_R07_EXIT_C,x_R13_EXIT_C,0.0019744916109638746
18,39,x_R07_EXIT_C,x_R14_EXIT_C,0.0009872458054819373
18,42,x_R07_EXIT_C,x_R15_EXIT_C,0.0009872458054819373
18,45,x_R07_EXIT_C,x_R16_EXIT_C,0.0019744916109638746
18,48,x_R07_EXIT_C,x_R17_EXIT_C,0.0004936229027409687
18,51,x_R07_EXIT_C,x_R18_EXIT_C,0.0019744916109638746
18,54,x_R07_EXIT_C,x_R19_EXIT_C,0.0019744916109638746
18,57,x_R07_EXIT_C,x_R20_EXIT_C,0.0019744916109638746
18,60,x_R07_EXIT_C,x_R21_EXIT_C,0.0019744916109638746
18,63,x_R07_EXIT_C,x_R22_EXIT_C,0.0019744916109638746
18,66,x_R07_EXIT_C,x_R23_EXIT_C,0.0019744916109638746
18,69,x_R07_EXIT_C,x_R24_EXIT_C,0.008885212249337438
19,19,x_R07_EXIT_B,x_R07_EXIT_B,-2.1755207486844883
19,20,x_R07_EXIT_B,x_R07_EXIT_A,4.42874824862183
19,22,x_R07_EXIT_B,x_R08_EXIT_B,0.0019064056933444306
19,23,x_R07_EXIT_B,x_R08_EXIT_A,0.0007659665732187446
19,24,x_R07_EXIT_B,x_R09_EXIT_C,0.00030638662928749783
19,25,x_R07_EXIT_B,x_R09_EXIT_B,0.003812811386688861
19,26,x_R07_EXIT_B,x_R09_EXIT_A,0.0015319331464374892
19,27,x_R07_EXIT_B,x_R10_EXIT_C,0.00022978997196562338
19,28,x_R07_EXIT_B,x_R10_EXIT_B,0.000876606189350341
19,29,x_R07_EXIT_B,x_R10_EXIT_A,0.00030638662928749783
19,30,x_R07_EXIT_B,x_R11_EXIT_C,0.0003829832866093723
19,31,x_R07_EXIT_B,x_R11_EXIT_B,0.001412782790603462
19,32,x_R07_EXIT_B,x_R11_EXIT_A,0.000842563230540619
19,33,x_R07_EXIT_B,x_R12_EXIT_C,0.0009191598878624933
19,34,x_R07_EXIT_B,x_R12_EXIT_B,0.002170238624119776
19,35,x_R07_EXIT_B,x_R12_EXIT_A,0.00045957994393124664
19,36,x_R07_EXIT_B,x_R13_EXIT_C,0.0012255465171499913
19,37,x_R07_EXIT_B,x_R13_EXIT_B,0.0028936514988263684
19,38,x_R07_EXIT_B,x_R13_EXIT_A,0.0006127732585749957
19,39,x_R07_EXIT_B,x_R14_EXIT_C,0.0009191598878624935
19,40,x_R07_EXIT_B,x_R14_EXIT_B,0.0006808591761944396
19,42,x_R07_EXIT_B,x_R15_EXIT_C,0.0009191598878624935
19,43,x_R07_EXIT_B,x_R15_EXIT_B,0.0011404391201256863
19,45,x_R07_EXIT_B,x_R16_EXIT_C,0.001838319775724987
19,46,x_R07_EXIT_B,x_R16_EXIT_B,0.0022808782402513727
19,48,x_R07_EXIT_B,x_R17_EXIT_C,0.0009191598878624933
19,49,x_R07_EXIT_B,x_R17_EXIT_B,0.00011063961613159644
19,50,x_R07_EXIT_B,x_R17_EXIT_A,0.00045957994393124675
19,51,x_R07_EXIT_B,x_R18_EXIT_C,0.001838319775724987
19,52,x_R07_EXIT_B,x_R18_EXIT_B,0.0022808782402513727
19,54,x_R07_EXIT_B,x_R19_EXIT_C,0.001838319775724987
19,55,x_R07_EXIT_B,x_R19_EXIT_B,0.0022808782402513727
19,57,x_R07_EXIT_B,x_R20_EXIT_C,0.001838319775724987
19,58,x_R07_EXIT_B,x_R20_EXIT_B,0.0022808782402513727
19,60,x_R07_EXIT_B,x_R21_EXIT_C,0.001838319775724987
19,61,x_R07_EXIT_B,x_R21_EXIT_B,0.0022808782402513727
19,63,x_R07_EXIT_B,x_R22_EXIT_C,0.001838319775724987
19,64,x_R07_EXIT_B,x_R22_EXIT_B,0.0022808782402513727
19,66,x_R07_EXIT_B,x_R23_EXIT_C,0.001838319775724987
19,67,x_R07_EXIT_B,x_R23_EXIT_B,0.0022808782402513727
19,69,x_R07_EXIT_B,x_R24_EXIT_C,0.00827243899076244
19,70,x_R07_EXIT_B,x_R24_EXIT_B,0.010263952081131176
20,20,x_R07_EXIT_A,x_R07_EXIT_A,-2.1641672751845547
20,22,x_R07_EXIT_A,x_R08_EXIT_B,0.0007659665732187446
20,23,x_R07_EXIT_A,x_R08_EXIT_A,0.0033276992236503235
20,24,x_R07_EXIT_A,x_R09_EXIT_C,0.00030638662928749783
20,25,x_R07_EXIT_A,x_R09_EXIT_B,0.0015319331464374892
20,26,x_R07_EXIT_A,x_R09_EXIT_A,0.006655398447300647
20,27,x_R07_EXIT_A,x_R10_EXIT_C,0.00022978997196562338
20,28,x_R07_EXIT_A,x_R10_EXIT_B,0.00030638662928749783
20,29,x_R07_EXIT_A,x_R10_EXIT_A,0.001587252954503287
20,30,x_R07_EXIT_A,x_R11_EXIT_C,0.0003829832866093723
20,31,x_R07_EXIT_A,x_R11_EXIT_B,0.000842563230540619
20,32,x_R07_EXIT_A,x_R11_EXIT_A,0.002123429555756408
20,33,x_R07_EXIT_A,x_R12_EXIT_C,0.0009191598878624933
20,34,x_R07_EXIT_A,x_R12_EXIT_B,0.00045957994393124664
20,35,x_R07_EXIT_A,x_R12_EXIT_A,0.004302178919578615
20,36,x_R07_EXIT_A,x_R13_EXIT_C,0.0012255465171499913
20,37,x_R07_EXIT_A,x_R13_EXIT_B,0.0006127732585749957
20,38,x_R07_EXIT_A,x_R13_EXIT_A,0.005736238559438153
20,39,x_R07_EXIT_A,x_R14_EXIT_C,0.0012255465171499911
20,41,x_R07_EXIT_A,x_R14_EXIT_A,0.002255346021144081
20,42,x_R07_EXIT_A,x_R15_EXIT_C,0.0012255465171499911
20,43,x_R07_EXIT_A,x_R15_EXIT_B,0.00030638662928749783
20,44,x_R07_EXIT_A,x_R15_EXIT_A,0.002255346021144081
20,45,x_R07_EXIT_A,x_R16_EXIT_C,0.001838319775724987
20,47,x_R07_EXIT_A,x_R16_EXIT_A,0.005123465300863158
20,48,x_R07_EXIT_A,x_R17_EXIT_C,0.00045957994393124675
20,50,x_R07_EXIT_A,x_R17_EXIT_A,0.0012808663252157895
20,51,x_R07_EXIT_A,x_R18_EXIT_C,0.0030638662928749775
20,52,x_R07_EXIT_A,x_R18_EXIT_B,0.0012255465171499913
20,53,x_R07_EXIT_A,x_R18_EXIT_A,0.003455360319186781
20,54,x_R07_EXIT_A,x_R19_EXIT_C,0.003370252922162475
20,55,x_R07_EXIT_A,x_R19_EXIT_B,0.0015319331464374892
20,56,x_R07_EXIT_A,x_R19_EXIT_A,0.0035915321544256686
20,57,x_R07_EXIT_A,x_R20_EXIT_C,0.006093689626940234
20,58,x_R07_EXIT_A,x_R20_EXIT_B,0.004255369851215247
20,59,x_R07_EXIT_A,x_R20_EXIT_A,0.00021276849256076237
20,60,x_R07_EXIT_A,x_R21_EXIT_C,0.006093689626940234
20,61,x_R07_EXIT_A,x_R21_EXIT_B,0.004255369851215247
20,62,x_R07_EXIT_A,x_R21_EXIT_A,0.0007319236144090226
20,63,x_R07_EXIT_A,x_R22_EXIT_C,0.006093689626940234
20,64,x_R07_EXIT_A,x_R22_EXIT_B,0.004255369851215247
20,65,x_R07_EXIT_A,x_R22_EXIT_A,0.00021276849256076237
20,66,x_R07_EXIT_A,x_R23_EXIT_C,0.006093689626940234
20,67,x_R07_EXIT_A,x_R23_EXIT_B,0.004255369851215247
20,68,x_R07_EXIT_A,x_R23_EXIT_A,0.0007319236144090226
20,69,x_R07_EXIT_A,x_R24_EXIT_C,0.03037057462812322
20,70,x_R07_EXIT_A,x_R24_EXIT_B,0.022098135637360784
20,71,x_R07_EXIT_A,x_R24_EXIT_A,0.0009574582165234306
21,21,x_R08_EXIT_C,x_R08_EXIT_C,-2.184103272074202
21,22,x_R08_EXIT_C,x_R08_EXIT_B,4.427131208078369
21,23,x_R08_EXIT_C,x_R08_EXIT_A,4.427131208078369
21,24,x_R08_EXIT_C,x_R09_EXIT_C,0.0013617183523888792
21,27,x_R08_EXIT_C,x_R10_EXIT_C,0.0003404295880972198
21,30,x_R08_EXIT_C,x_R11_EXIT_C,0.0003404295880972198
21,33,x_R08_EXIT_C,x_R12_EXIT_C,0.0010212887642916592
21,36,x_R08_EXIT_C,x_R13_EXIT_C,0.0013617183523888792
21,39,x_R08_EXIT_C,x_R14_EXIT_C,0.0006808591761944396
21,42,x_R08_EXIT_C,x_R15_EXIT_C,0.0006808591761944396
21,45,x_R08_EXIT_C,x_R16_EXIT_C,0.0013617183523888792
21,48,x_R08_EXIT_C,x_R17_EXIT_C,0.0003404295880972198
21,51,x_R08_EXIT_C,x_R18_EXIT_C,0.0013617183523888792
21,54,x_R08_EXIT_C,x_R19_EXIT_C,0.0013617183523888792
21,57,x_R08_EXIT_C,x_R20_EXIT_C,0.0013617183523888792
21,60,x_R08_EXIT_C,x_R21_EXIT_C,0.0013617183523888792
21,63,x_R08_EXIT_C,x_R22_EXIT_C,0.0013617183523888792
21,66,x_R08_EXIT_C,x_R23_EXIT_C,0.0013617183523888792
21,69,x_R08_EXIT_C,x_R24_EXIT_C,0.006127732585749956
22,22,x_R08_EXIT_B,x_R08_EXIT_B,-2.172213093720206
22,23,x_R08_EXIT_B,x_R08_EXIT_A,4.429403575578918
22,24,x_R08_EXIT_B,x_R09_EXIT_C,0.0028000333620996328
22,25,x_R08_EXIT_B,x_R09_EXIT_B,0.006612844748788495
22,26,x_R08_EXIT_B,x_R09_EXIT_A,0.004331966508537121
22,28,x_R08_EXIT_B,x_R10_EXIT_B,0.000876606189350341
22,29,x_R08_EXIT_B,x_R10_EXIT_A,0.00030638662928749783
22,31,x_R08_EXIT_B,x_R11_EXIT_B,0.0009532028466722153
22,32,x_R08_EXIT_B,x_R11_EXIT_A,0.0003829832866093723
22,33,x_R08_EXIT_B,x_R12_EXIT_C,0.00068936991589687
22,34,x_R08_EXIT_B,x_R12_EXIT_B,0.002170238624119776
22,35,x_R08_EXIT_B,x_R12_EXIT_A,0.00045957994393124664
22,36,x_R08_EXIT_B,x_R13_EXIT_C,0.0009191598878624935
22,37,x_R08_EXIT_B,x_R13_EXIT_B,0.0028936514988263684
22,38,x_R08_EXIT_B,x_R13_EXIT_A,0.0006127732585749957
22,39,x_R08_EXIT_B,x_R14_EXIT_C,0.0007659665732187446
22,40,x_R08_EXIT_B,x_R14_EXIT_B,0.0006808591761944396
22,42,x_R08_EXIT_B,x_R15_EXIT_C,0.0007659665732187446
22,43,x_R08_EXIT_B,x_R15_EXIT_B,0.0011404391201256863
22,45,x_R08_EXIT_B,x_R16_EXIT_C,0.0015319331464374892
22,46,x_R08_EXIT_B,x_R16_EXIT_B,0.0022808782402513727
22,48,x_R08_EXIT_B,x_R17_EXIT_C,0.000842563230540619
22,49,x_R08_EXIT_B,x_R17_EXIT_B,0.00011063961613159644
22,50,x_R08_EXIT_B,x_R17_EXIT_A,0.00045957994393124675
22,51,x_R08_EXIT_B,x_R18_EXIT_C,0.0015319331464374892
22,52,x_R08_EXIT_B,x_R18_EXIT_B,0.0022808782402513727
22,54,x_R08_EXIT_B,x_R19_EXIT_C,0.0015319331464374892
22,55,x_R08_EXIT_B,x_R19_EXIT_B,0.0022808782402513727
22,57,x_R08_EXIT_B,x_R20_EXIT_C,0.0015319331464374892
22,58,x_R08_EXIT_B,x_R20_EXIT_B,0.0022808782402513727
22,60,x_R08_EXIT_B,x_R21_EXIT_C,0.0015319331464374892
22,61,x_R08_EXIT_B,x_R21_EXIT_B,0.0022808782402513727
22,63,x_R08_EXIT_B,x_R22_EXIT_C,0.0015319331464374892
22,64,x_R08_EXIT_B,x_R22_EXIT_B,0.0022808782402513727
22,66,x_R08_EXIT_B,x_R23_EXIT_C,0.0015319331464374892
22,67,x_R08_EXIT_B,x_R23_EXIT_B,0.0022808782402513727
22,69,x_R08_EXIT_B,x_R24_EXIT_C,0.006893699158968702
22,70,x_R08_EXIT_B,x_R24_EXIT_B,0.010263952081131176
23,23,x_R08_EXIT_A,x_R08_EXIT_A,-2.1608596202202723
23,24,x_R08_EXIT_A,x_R09_EXIT_C,0.0028000333620996328
23,25,x_R08_EXIT_A,x_R09_EXIT_B,0.004331966508537121
23,26,x_R08_EXIT_A,x_R09_EXIT_A,0.00945543180940028
23,28,x_R08_EXIT_A,x_R10_EXIT_B,0.00030638662928749783
23,29,x_R08_EXIT_A,x_R10_EXIT_A,0.001587252954503287
23,31,x_R08_EXIT_A,x_R11_EXIT_B,0.0003829832866093723
23,32,x_R08_EXIT_A,x_R11_EXIT_A,0.0016638496118251617
23,33,x_R08_EXIT_A,x_R12_EXIT_C,0.00068936991589687
23,34,x_R08_EXIT_A,x_R12_EXIT_B,0.00045957994393124664
23,35,x_R08_EXIT_A,x_R12_EXIT_A,0.004302178919578615
23,36,x_R08_EXIT_A,x_R13_EXIT_C,0.0009191598878624935
23,37,x_R08_EXIT_A,x_R13_EXIT_B,0.0006127732585749957
23,38,x_R08_EXIT_A,x_R13_EXIT_A,0.005736238559438153
23,39,x_R08_EXIT_A,x_R14_EXIT_C,0.0010723532025062423
23,41,x_R08_EXIT_A,x_R14_EXIT_A,0.002255346021144081
23,42,x_R08_EXIT_A,x_R15_EXIT_C,0.0010723532025062423
23,43,x_R08_EXIT_A,x_R15_EXIT_B,0.00030638662928749783
23,44,x_R08_EXIT_A,x_R15_EXIT_A,0.002255346021144081
23,45,x_R08_EXIT_A,x_R16_EXIT_C,0.0015319331464374892
23,47,x_R08_EXIT_A,x_R16_EXIT_A,0.005123465300863158
23,48,x_R08_EXIT_A,x_R17_EXIT_C,0.0003829832866093723
23,50,x_R08_EXIT_A,x_R17_EXIT_A,0.0012808663252157895
23,51,x_R08_EXIT_A,x_R18_EXIT_C,0.00275747966358748
23,52,x_R08_EXIT_A,x_R18_EXIT_B,0.0012255465171499913
23,53,x_R08_EXIT_A,x_R18_EXIT_A,0.003455360319186781
23,54,x_R08_EXIT_A,x_R19_EXIT_C,0.0030638662928749775
23,55,x_R08_EXIT_A,x_R19_EXIT_B,0.0015319331464374892
23,56,x_R08_EXIT_A,x_R19_EXIT_A,0.0035915321544256686
23,57,x_R08_EXIT_A,x_R20_EXIT_C,0.005787302997652736
23,58,x_R08_EXIT_A,x_R20_EXIT_B,0.004255369851215247
23,59,x_R08_EXIT_A,x_R20_EXIT_A,0.00021276849256076237
23,60,x_R08_EXIT_A,x_R21_EXIT_C,0.005787302997652736
23,61,x_R08_EXIT_A,x_R21_EXIT_B,0.004255369851215247
23,62,x_R08_EXIT_A,x_R21_EXIT_A,0.0007319236144090226
23,63,x_R08_EXIT_A,x_R22_EXIT_C,0.005787302997652736
23,64,x_R08_EXIT_A,x_R22_EXIT_B,0.004255369851215247
23,65,x_R08_EXIT_A,x_R22_EXIT_A,0.00021276849256076237
23,66,x_R08_EXIT_A,x_R23_EXIT_C,0.005787302997652736
23,67,x_R08_EXIT_A,x_R23_EXIT_B,0.004255369851215247
23,68,x_R08_EXIT_A,x_R23_EXIT_A,0.0007319236144090226
23,69,x_R08_EXIT_A,x_R24_EXIT_C,0.028991834796329483
23,70,x_R08_EXIT_A,x_R24_EXIT_B,0.022098135637360784
23,71,x_R08_EXIT_A,x_R24_EXIT_A,0.0009574582165234306
24,24,x_R09_EXIT_C,x_R09_EXIT_C,-2.1865330735855566
24,25,x_R09_EXIT_C,x_R09_EXIT_B,4.4313993440391375
24,26,x_R09_EXIT_C,x_R09_EXIT_A,4.4313993440391375
24,27,x_R09_EXIT_C,x_R10_EXIT_C,0.0009872458054819373
24,30,x_R09_EXIT_C,x_R11_EXIT_C,0.0009872458054819373
24,31,x_R09_EXIT_C,x_R11_EXIT_B,0.00015319331464374892
24,32,x_R09_EXIT_C,x_R11_EXIT_A,0.00015319331464374892
24,33,x_R09_EXIT_C,x_R12_EXIT_C,0.0034213173603770586
24,36,x_R09_EXIT_C,x_R13_EXIT_C,0.004561756480502745
24,39,x_R09_EXIT_C,x_R14_EXIT_C,0.0022808782402513727
24,42,x_R09_EXIT_C,x_R15_EXIT_C,0.0022808782402513727
24,45,x_R09_EXIT_C,x_R16_EXIT_C,0.004561756480502745
24,48,x_R09_EXIT_C,x_R17_EXIT_C,0.0011404391201256863
24,51,x_R09_EXIT_C,x_R18_EXIT_C,0.004561756480502745
24,54,x_R09_EXIT_C,x_R19_EXIT_C,0.004561756480502745
24,57,x_R09_EXIT_C,x_R20_EXIT_C,0.004561756480502745
24,60,x_R09_EXIT_C,x_R21_EXIT_C,0.004561756480502745
24,63,x_R09_EXIT_C,x_R22_EXIT_C,0.004561756480502745
24,66,x_R09_EXIT_C,x_R23_EXIT_C,0.004561756480502745
24,69,x_R09_EXIT_C,x_R24_EXIT_C,0.020527904162262352
25,25,x_R09_EXIT_B,x_R09_EXIT_B,-2.1764868790512946
25,26,x_R09_EXIT_B,x_R09_EXIT_A,4.434463210332013
25,28,x_R09_EXIT_B,x_R10_EXIT_B,0.001753212378700682
25,29,x_R09_EXIT_B,x_R10_EXIT_A,0.0006127732585749957
25,31,x_R09_EXIT_B,x_R11_EXIT_B,0.0019064056933444306
25,32,x_R09_EXIT_B,x_R11_EXIT_A,0.0007659665732187446
25,33,x_R09_EXIT_B,x_R12_EXIT_C,0.00137873983179374
25,34,x_R09_EXIT_B,x_R12_EXIT_B,0.004340477248239552
25,35,x_R09_EXIT_B,x_R12_EXIT_A,0.0009191598878624933
25,36,x_R09_EXIT_B,x_R13_EXIT_C,0.001838319775724987
25,37,x_R09_EXIT_B,x_R13_EXIT_B,0.005787302997652737
25,38,x_R09_EXIT_B,x_R13_EXIT_A,0.0012255465171499913
25,39,x_R09_EXIT_B,x_R14_EXIT_C,0.0015319331464374892
25,40,x_R09_EXIT_B,x_R14_EXIT_B,0.0013617183523888792
25,42,x_R09_EXIT_B,x_R15_EXIT_C,0.0015319331464374892
25,43,x_R09_EXIT_B,x_R15_EXIT_B,0.0022808782402513727
25,45,x_R09_EXIT_B,x_R16_EXIT_C,0.0030638662928749783
25,46,x_R09_EXIT_B,x_R16_EXIT_B,0.004561756480502745
25,48,x_R09_EXIT_B,x_R17_EXIT_C,0.001685126461081238
25,49,x_R09_EXIT_B,x_R17_EXIT_B,0.00022127923226319287
25,50,x_R09_EXIT_B,x_R17_EXIT_A,0.0009191598878624935
25,51,x_R09_EXIT_B,x_R18_EXIT_C,0.0030638662928749783
25,52,x_R09_EXIT_B,x_R18_EXIT_B,0.004561756480502745
25,54,x_R09_EXIT_B,x_R19_EXIT_C,0.0030638662928749783
25,55,x_R09_EXIT_B,x_R19_EXIT_B,0.004561756480502745
25,57,x_R09_EXIT_B,x_R20_EXIT_C,0.0030638662928749783
25,58,x_R09_EXIT_B,x_R20_EXIT_B,0.004561756480502745
25,60,x_R09_EXIT_B,x_R21_EXIT_C,0.0030638662928749783
25,61,x_R09_EXIT_B,x_R21_EXIT_B,0.004561756480502745
25,63,x_R09_EXIT_B,x_R22_EXIT_C,0.0030638662928749783
25,64,x_R09_EXIT_B,x_R22_EXIT_B,0.004561756480502745
25,66,x_R09_EXIT_B,x_R23_EXIT_C,0.0030638662928749783
25,67,x_R09_EXIT_B,x_R23_EXIT_B,0.004561756480502745
25,69,x_R09_EXIT_B,x_R24_EXIT_C,0.013787398317937403
25,70,x_R09_EXIT_B,x_R24_EXIT_B,0.020527904162262352
26,26,x_R09_EXIT_A,x_R09_EXIT_A,-2.163001465255902
26,28,x_R09_EXIT_A,x_R10_EXIT_B,0.0006127732585749957
26,29,x_R09_EXIT_A,x_R10_EXIT_A,0.003174505909006574
26,31,x_R09_EXIT_A,x_R11_EXIT_B,0.0007659665732187446
26,32,x_R09_EXIT_A,x_R11_EXIT_A,0.0033276992236503235
26,33,x_R09_EXIT_A,x_R12_EXIT_C,0.00137873983179374
26,34,x_R09_EXIT_A,x_R12_EXIT_B,0.0009191598878624933
26,35,x_R09_EXIT_A,x_R12_EXIT_A,0.00860435783915723
26,36,x_R09_EXIT_A,x_R13_EXIT_C,0.001838319775724987
26,37,x_R09_EXIT_A,x_R13_EXIT_B,0.0012255465171499913
26,38,x_R09_EXIT_A,x_R13_EXIT_A,0.011472477118876306
26,39,x_R09_EXIT_A,x_R14_EXIT_C,0.0021447064050124846
26,41,x_R09_EXIT_A,x_R14_EXIT_A,0.004510692042288162
26,42,x_R09_EXIT_A,x_R15_EXIT_C,0.0021447064050124846
26,43,x_R09_EXIT_A,x_R15_EXIT_B,0.0006127732585749957
26,44,x_R09_EXIT_A,x_R15_EXIT_A,0.004510692042288162
26,45,x_R09_EXIT_A,x_R16_EXIT_C,0.0030638662928749783
26,47,x_R09_EXIT_A,x_R16_EXIT_A,0.010246930601726316
26,48,x_R09_EXIT_A,x_R17_EXIT_C,0.0007659665732187446
26,50,x_R09_EXIT_A,x_R17_EXIT_A,0.002561732650431579
26,51,x_R09_EXIT_A,x_R18_EXIT_C,0.00551495932717496
26,52,x_R09_EXIT_A,x_R18_EXIT_B,0.0024510930342999827
26,53,x_R09_EXIT_A,x_R18_EXIT_A,0.006910720638373562
26,54,x_R09_EXIT_A,x_R19_EXIT_C,0.006127732585749955
26,55,x_R09_EXIT_A,x_R19_EXIT_B,0.0030638662928749783
26,56,x_R09_EXIT_A,x_R19_EXIT_A,0.007183064308851337
26,57,x_R09_EXIT_A,x_R20_EXIT_C,0.011574605995305472
26,58,x_R09_EXIT_A,x_R20_EXIT_B,0.008510739702430494
26,59,x_R09_EXIT_A,x_R20_EXIT_A,0.00042553698512152473
26,60,x_R09_EXIT_A,x_R21_EXIT_C,0.011574605995305472
26,61,x_R09_EXIT_A,x_R21_EXIT_B,0.008510739702430494
26,62,x_R09_EXIT_A,x_R21_EXIT_A,0.0014638472288180451
26,63,x_R09_EXIT_A,x_R22_EXIT_C,0.011574605995305472
26,64,x_R09_EXIT_A,x_R22_EXIT_B,0.008510739702430494
26,65,x_R09_EXIT_A,x_R22_EXIT_A,0.00042553698512152473
26,66,x_R09_EXIT_A,x_R23_EXIT_C,0.011574605995305472
26,67,x_R09_EXIT_A,x_R23_EXIT_B,0.008510739702430494
26,68,x_R09_EXIT_A,x_R23_EXIT_A,0.0014638472288180451
26,69,x_R09_EXIT_A,x_R24_EXIT_C,0.057983669592658965
26,70,x_R09_EXIT_A,x_R24_EXIT_B,0.04419627127472157
26,71,x_R09_EXIT_A,x_R24_EXIT_A,0.0019149164330468612
27,27,x_R10_EXIT_C,x_R10_EXIT_C,-2.191266640623802
27,28,x_R10_EXIT_C,x_R10_EXIT_B,4.425799277314939
27,29,x_R10_EXIT_C,x_R10_EXIT_A,4.425799277314939
27,30,x_R10_EXIT_C,x_R11_EXIT_C,0.000361706437353296
27,31,x_R10_EXIT_C,x_R11_EXIT_B,0.00011489498598281169
27,32,x_R10_EXIT_C,x_R11_EXIT_A,0.00011489498598281169
27,33,x_R10_EXIT_C,x_R12_EXIT_C,0.0007404343541114529
27,36,x_R10_EXIT_C,x_R13_EXIT_C,0.0009872458054819373
27,39,x_R10_EXIT_C,x_R14_EXIT_C,0.0004936229027409687
27,42,x_R10_EXIT_C,x_R15_EXIT_C,0.0004936229027409687
27,45,x_R10_EXIT_C,x_R16_EXIT_C,0.0009872458054819373
27,48,x_R10_EXIT_C,x_R17_EXIT_C,0.00024681145137048433
27,51,x_R10_EXIT_C,x_R18_EXIT_C,0.0009872458054819373
27,54,x_R10_EXIT_C,x_R19_EXIT_C,0.0009872458054819373
27,57,x_R10_EXIT_C,x_R20_EXIT_C,0.0009872458054819373
27,60,x_R10_EXIT_C,x_R21_EXIT_C,0.0009872458054819373
27,63,x_R10_EXIT_C,x_R22_EXIT_C,0.0009872458054819373
27,66,x_R10_EXIT_C,x_R23_EXIT_C,0.0009872458054819373
27,69,x_R10_EXIT_C,x_R24_EXIT_C,0.004442606124668719
28,28,x_R10_EXIT_B,x_R10_EXIT_B,-2.185257720899036
28,29,x_R10_EXIT_B,x_R10_EXIT_A,4.426306730169696
28,31,x_R10_EXIT_B,x_R11_EXIT_B,0.0004383030946751705
28,32,x_R10_EXIT_B,x_R11_EXIT_A,0.00015319331464374892
28,33,x_R10_EXIT_B,x_R12_EXIT_C,0.00022978997196562332
28,34,x_R10_EXIT_B,x_R12_EXIT_B,0.001085119312059888
28,35,x_R10_EXIT_B,x_R12_EXIT_A,0.00022978997196562332
28,36,x_R10_EXIT_B,x_R13_EXIT_C,0.00030638662928749783
28,37,x_R10_EXIT_B,x_R13_EXIT_B,0.0014468257494131842
28,38,x_R10_EXIT_B,x_R13_EXIT_A,0.00030638662928749783
28,39,x_R10_EXIT_B,x_R14_EXIT_C,0.00030638662928749783
28,40,x_R10_EXIT_B,x_R14_EXIT_B,0.0003404295880972198
28,42,x_R10_EXIT_B,x_R15_EXIT_C,0.00030638662928749783
28,43,x_R10_EXIT_B,x_R15_EXIT_B,0.0005702195600628432
28,45,x_R10_EXIT_B,x_R16_EXIT_C,0.0006127732585749957
28,46,x_R10_EXIT_B,x_R16_EXIT_B,0.0011404391201256863
28,48,x_R10_EXIT_B,x_R17_EXIT_C,0.00038298328660937224
28,50,x_R10_EXIT_B,x_R17_EXIT_A,0.00022978997196562338
28,51,x_R10_EXIT_B,x_R18_EXIT_C,0.0006127732585749957
28,52,x_R10_EXIT_B,x_R18_EXIT_B,0.0011404391201256863
28,54,x_R10_EXIT_B,x_R19_EXIT_C,0.0006127732585749957
28,55,x_R10_EXIT_B,x_R19_EXIT_B,0.0011404391201256863
28,57,x_R10_EXIT_B,x_R20_EXIT_C,0.0006127732585749957
28,58,x_R10_EXIT_B,x_R20_EXIT_B,0.0011404391201256863
28,60,x_R10_EXIT_B,x_R21_EXIT_C,0.0006127732585749957
28,61,x_R10_EXIT_B,x_R21_EXIT_B,0.0011404391201256863
28,63,x_R10_EXIT_B,x_R22_EXIT_C,0.0006127732585749957
28,64,x_R10_EXIT_B,x_R22_EXIT_B,0.0011404391201256863
28,66,x_R10_EXIT_B,x_R23_EXIT_C,0.0006127732585749957
28,67,x_R10_EXIT_B,x_R23_EXIT_B,0.0011404391201256863
28,69,x_R10_EXIT_B,x_R24_EXIT_C,0.0027574796635874803
28,70,x_R10_EXIT_B,x_R24_EXIT_B,0.005131976040565588
29,29,x_R10_EXIT_A,x_R10_EXIT_A,-2.1744372324729673
29,31,x_R10_EXIT_A,x_R11_EXIT_B,0.00015319331464374892
29,32,x_R10_EXIT_A,x_R11_EXIT_A,0.0007936264772516436
29,33,x_R10_EXIT_A,x_R12_EXIT_C,0.00022978997196562332
29,34,x_R10_EXIT_A,x_R12_EXIT_B,0.00022978997196562332
29,35,x_R10_EXIT_A,x_R12_EXIT_A,0.0021510894597893074
29,36,x_R10_EXIT_A,x_R13_EXIT_C,0.00030638662928749783
29,37,x_R10_EXIT_A,x_R13_EXIT_B,0.00030638662928749783
29,38,x_R10_EXIT_A,x_R13_EXIT_A,0.0028681192797190766
29,39,x_R10_EXIT_A,x_R14_EXIT_C,0.00045957994393124675
29,41,x_R10_EXIT_A,x_R14_EXIT_A,0.0011276730105720405
29,42,x_R10_EXIT_A,x_R15_EXIT_C,0.00045957994393124675
29,43,x_R10_EXIT_A,x_R15_EXIT_B,0.00015319331464374892
29,44,x_R10_EXIT_A,x_R15_EXIT_A,0.0011276730105720405
29,45,x_R10_EXIT_A,x_R16_EXIT_C,0.0006127732585749957
29,47,x_R10_EXIT_A,x_R16_EXIT_A,0.002561732650431579
29,48,x_R10_EXIT_A,x_R17_EXIT_C,0.00015319331464374892
29,50,x_R10_EXIT_A,x_R17_EXIT_A,0.0006404331626078947
29,51,x_R10_EXIT_A,x_R18_EXIT_C,0.0012255465171499911
29,52,x_R10_EXIT_A,x_R18_EXIT_B,0.0006127732585749957
29,53,x_R10_EXIT_A,x_R18_EXIT_A,0.0017276801595933905
29,54,x_R10_EXIT_A,x_R19_EXIT_C,0.00137873983179374
29,55,x_R10_EXIT_A,x_R19_EXIT_B,0.0007659665732187446
29,56,x_R10_EXIT_A,x_R19_EXIT_A,0.0017957660772128343
29,57,x_R10_EXIT_A,x_R20_EXIT_C,0.0027404581841826195
29,58,x_R10_EXIT_A,x_R20_EXIT_B,0.0021276849256076234
29,59,x_R10_EXIT_A,x_R20_EXIT_A,0.00010638424628038118
29,60,x_R10_EXIT_A,x_R21_EXIT_C,0.0027404581841826195
29,61,x_R10_EXIT_A,x_R21_EXIT_B,0.0021276849256076234
29,62,x_R10_EXIT_A,x_R21_EXIT_A,0.0003659618072045113
29,63,x_R10_EXIT_A,x_R22_EXIT_C,0.0027404581841826195
29,64,x_R10_EXIT_A,x_R22_EXIT_B,0.0021276849256076234
29,65,x_R10_EXIT_A,x_R22_EXIT_A,0.00010638424628038118
29,66,x_R10_EXIT_A,x_R23_EXIT_C,0.0027404581841826195
29,67,x_R10_EXIT_A,x_R23_EXIT_B,0.0021276849256076234
29,68,x_R10_EXIT_A,x_R23_EXIT_A,0.0003659618072045113
29,69,x_R10_EXIT_A,x_R24_EXIT_C,0.01380654748226787
29,70,x_R10_EXIT_A,x_R24_EXIT_B,0.011049067818680392
29,71,x_R10_EXIT_A,x_R24_EXIT_A,0.0004787291082617153
30,30,x_R11_EXIT_C,x_R11_EXIT_C,-2.1895340007572788
30,31,x_R11_EXIT_C,x_R11_EXIT_B,4.426306730169696
30,32,x_R11_EXIT_C,x_R11_EXIT_A,4.426306730169696
30,33,x_R11_EXIT_C,x_R12_EXIT_C,0.0007404343541114529
30,36,x_R11_EXIT_C,x_R13_EXIT_C,0.0009872458054819373
30,39,x_R11_EXIT_C,x_R14_EXIT_C,0.0004936229027409687
30,42,x_R11_EXIT_C,x_R15_EXIT_C,0.0004936229027409687
30,45,x_R11_EXIT_C,x_R16_EXIT_C,0.0009872458054819373
30,48,x_R11_EXIT_C,x_R17_EXIT_C,0.00024681145137048433
30,51,x_R11_EXIT_C,x_R18_EXIT_C,0.0009872458054819373
30,54,x_R11_EXIT_C,x_R19_EXIT_C,0.0009872458054819373
30,57,x_R11_EXIT_C,x_R20_EXIT_C,0.0009872458054819373
30,60,x_R11_EXIT_C,x_R21_EXIT_C,0.0009872458054819373
30,63,x_R11_EXIT_C,x_R22_EXIT_C,0.0009872458054819373
30,66,x_R11_EXIT_C,x_R23_EXIT_C,0.0009872458054819373
30,69,x_R11_EXIT_C,x_R24_EXIT_C,0.004442606124668719
31,31,x_R11_EXIT_B,x_R11_EXIT_B,-2.177479990664011
31,32,x_R11_EXIT_B,x_R11_EXIT_A,4.426536520141662
31,33,x_R11_EXIT_B,x_R12_EXIT_C,0.00045957994393124664
31,34,x_R11_EXIT_B,x_R12_EXIT_B,0.001085119312059888
31,35,x_R11_EXIT_B,x_R12_EXIT_A,0.00022978997196562332
31,36,x_R11_EXIT_B,x_R13_EXIT_C,0.0006127732585749957
31,37,x_R11_EXIT_B,x_R13_EXIT_B,0.0014468257494131842
31,38,x_R11_EXIT_B,x_R13_EXIT_A,0.00030638662928749783
31,39,x_R11_EXIT_B,x_R14_EXIT_C,0.00045957994393124675
31,40,x_R11_EXIT_B,x_R14_EXIT_B,0.0003404295880972198
31,42,x_R11_EXIT_B,x_R15_EXIT_C,0.00045957994393124675
31,43,x_R11_EXIT_B,x_R15_EXIT_B,0.0005702195600628432
31,45,x_R11_EXIT_B,x_R16_EXIT_C,0.0009191598878624935
31,46,x_R11_EXIT_B,x_R16_EXIT_B,0.0011404391201256863
31,48,x_R11_EXIT_B,x_R17_EXIT_C,0.00045957994393124664
31,50,x_R11_EXIT_B,x_R17_EXIT_A,0.00022978997196562338
31,51,x_R11_EXIT_B,x_R18_EXIT_C,0.0009191598878624935
31,52,x_R11_EXIT_B,x_R18_EXIT_B,0.0011404391201256863
31,54,x_R11_EXIT_B,x_R19_EXIT_C,0.0009191598878624935
31,55,x_R11_EXIT_B,x_R19_EXIT_B,0.0011404391201256863
31,57,x_R11_EXIT_B,x_R20_EXIT_C,0.0009191598878624935
31,58,x_R11_EXIT_B,x_R20_EXIT_B,0.0011404391201256863
31,60,x_R11_EXIT_B,x_R21_EXIT_C,0.0009191598878624935
31,61,x_R11_EXIT_B,x_R21_EXIT_B,0.0011404391201256863
31,63,x_R11_EXIT_B,x_R22_EXIT_C,0.0009191598878624935
31,64,x_R11_EXIT_B,x_R22_EXIT_B,0.0011404391201256863
31,66,x_R11_EXIT_B,x_R23_EXIT_C,0.0009191598878624935
31,67,x_R11_EXIT_B,x_R23_EXIT_B,0.0011404391201256863
31,69,x_R11_EXIT_B,x_R24_EXIT_C,0.00413621949538122
31,70,x_R11_EXIT_B,x_R24_EXIT_B,0.005131976040565588
32,32,x_R11_EXIT_A,x_R11_EXIT_A,-2.166659502237942
32,33,x_R11_EXIT_A,x_R12_EXIT_C,0.00045957994393124664
32,34,x_R11_EXIT_A,x_R12_EXIT_B,0.00022978997196562332
32,35,x_R11_EXIT_A,x_R12_EXIT_A,0.0021510894597893074
32,36,x_R11_EXIT_A,x_R13_EXIT_C,0.0006127732585749957
32,37,x_R11_EXIT_A,x_R13_EXIT_B,0.00030638662928749783
32,38,x_R11_EXIT_A,x_R13_EXIT_A,0.0028681192797190766
32,39,x_R11_EXIT_A,x_R14_EXIT_C,0.0006127732585749956
32,41,x_R11_EXIT_A,x_R14_EXIT_A,0.0011276730105720405
32,42,x_R11_EXIT_A,x_R15_EXIT_C,0.0006127732585749956
32,43,x_R11_EXIT_A,x_R15_EXIT_B,0.00015319331464374892
32,44,x_R11_EXIT_A,x_R15_EXIT_A,0.0011276730105720405
32,45,x_R11_EXIT_A,x_R16_EXIT_C,0.0009191598878624935
32,47,x_R11_EXIT_A,x_R16_EXIT_A,0.002561732650431579
32,48,x_R11_EXIT_A,x_R17_EXIT_C,0.00022978997196562338
32,50,x_R11_EXIT_A,x_R17_EXIT_A,0.0006404331626078947
32,51,x_R11_EXIT_A,x_R18_EXIT_C,0.0015319331464374887
32,52,x_R11_EXIT_A,x_R18_EXIT_B,0.0006127732585749957
32,53,x_R11_EXIT_A,x_R18_EXIT_A,0.0017276801595933905
32,54,x_R11_EXIT_A,x_R19_EXIT_C,0.0016851264610812375
32,55,x_R11_EXIT_A,x_R19_EXIT_B,0.0007659665732187446
32,56,x_R11_EXIT_A,x_R19_EXIT_A,0.0017957660772128343
32,57,x_R11_EXIT_A,x_R20_EXIT_C,0.003046844813470117
32,58,x_R11_EXIT_A,x_R20_EXIT_B,0.0021276849256076234
32,59,x_R11_EXIT_A,x_R20_EXIT_A,0.00010638424628038118
32,60,x_R11_EXIT_A,x_R21_EXIT_C,0.003046844813470117
32,61,x_R11_EXIT_A,x_R21_EXIT_B,0.0021276849256076234
32,62,x_R11_EXIT_A,x_R21_EXIT_A,0.0003659618072045113
32,63,x_R11_EXIT_A,x_R22_EXIT_C,0.003046844813470117
32,64,x_R11_EXIT_A,x_R22_EXIT_B,0.0021276849256076234
32,65,x_R11_EXIT_A,x_R22_EXIT_A,0.00010638424628038118
32,66,x_R11_EXIT_A,x_R23_EXIT_C,0.003046844813470117
32,67,x_R11_EXIT_A,x_R23_EXIT_B,0.0021276849256076234
32,68,x_R11_EXIT_A,x_R23_EXIT_A,0.0003659618072045113
32,69,x_R11_EXIT_A,x_R24_EXIT_C,0.01518528731406161
32,70,x_R11_EXIT_A,x_R24_EXIT_B,0.011049067818680392
32,71,x_R11_EXIT_A,x_R24_EXIT_A,0.0004787291082617153
33,33,x_R12_EXIT_C,x_R12_EXIT_C,-2.183130388141968
33,34,x_R12_EXIT_C,x_R12_EXIT_B,4.4289493148473005
33,35,x_R12_EXIT_C,x_R12_EXIT_A,4.4289493148473005
33,36,x_R12_EXIT_C,x_R13_EXIT_C,0.0048000571921708
33,39,x_R12_EXIT_C,x_R14_EXIT_C,0.0024000285960854
33,42,x_R12_EXIT_C,x_R15_EXIT_C,0.0024000285960854
33,45,x_R12_EXIT_C,x_R16_EXIT_C,0.0048000571921708
33,48,x_R12_EXIT_C,x_R17_EXIT_C,0.0012000142980427
33,51,x_R12_EXIT_C,x_R18_EXIT_C,0.0048000571921708
33,54,x_R12_EXIT_C,x_R19_EXIT_C,0.0048000571921708
33,57,x_R12_EXIT_C,x_R20_EXIT_C,0.0048000571921708
33,60,x_R12_EXIT_C,x_R21_EXIT_C,0.0048000571921708
33,63,x_R12_EXIT_C,x_R22_EXIT_C,0.0048000571921708
33,66,x_R12_EXIT_C,x_R23_EXIT_C,0.0048000571921708
33,69,x_R12_EXIT_C,x_R24_EXIT_C,0.021600257364768595
34,34,x_R12_EXIT_B,x_R12_EXIT_B,-2.185005582898507
34,35,x_R12_EXIT_B,x_R12_EXIT_A,4.429638684763198
34,37,x_R12_EXIT_B,x_R13_EXIT_B,0.004340477248239552
34,38,x_R12_EXIT_B,x_R13_EXIT_A,0.0009191598878624933
34,39,x_R12_EXIT_B,x_R14_EXIT_C,0.00045957994393124664
34,40,x_R12_EXIT_B,x_R14_EXIT_B,0.0010212887642916592
34,42,x_R12_EXIT_B,x_R15_EXIT_C,0.00045957994393124664
34,43,x_R12_EXIT_B,x_R15_EXIT_B,0.0017106586801885293
34,45,x_R12_EXIT_B,x_R16_EXIT_C,0.0009191598878624933
34,46,x_R12_EXIT_B,x_R16_EXIT_B,0.0034213173603770586
34,48,x_R12_EXIT_B,x_R17_EXIT_C,0.0009191598878624933
34,49,x_R12_EXIT_B,x_R17_EXIT_B,0.00016595942419739463
34,50,x_R12_EXIT_B,x_R17_EXIT_A,0.00068936991589687
34,51,x_R12_EXIT_B,x_R18_EXIT_C,0.0009191598878624933
34,52,x_R12_EXIT_B,x_R18_EXIT_B,0.0034213173603770586
34,54,x_R12_EXIT_B,x_R19_EXIT_C,0.0009191598878624933
34,55,x_R12_EXIT_B,x_R19_EXIT_B,0.0034213173603770586
34,57,x_R12_EXIT_B,x_R20_EXIT_C,0.0009191598878624933
34,58,x_R12_EXIT_B,x_R20_EXIT_B,0.0034213173603770586
34,60,x_R12_EXIT_B,x_R21_EXIT_C,0.0009191598878624933
34,61,x_R12_EXIT_B,x_R21_EXIT_B,0.0034213173603770586
34,63,x_R12_EXIT_B,x_R22_EXIT_C,0.0009191598878624933
34,64,x_R12_EXIT_B,x_R22_EXIT_B,0.0034213173603770586
34,66,x_R12_EXIT_B,x_R23_EXIT_C,0.0009191598878624933
34,67,x_R12_EXIT_B,x_R23_EXIT_B,0.0034213173603770586
34,69,x_R12_EXIT_B,x_R24_EXIT_C,0.00413621949538122
34,70,x_R12_EXIT_B,x_R24_EXIT_B,0.015395928121696762
35,35,x_R12_EXIT_A,x_R12_EXIT_A,-2.1727638009421324
35,37,x_R12_EXIT_A,x_R13_EXIT_B,0.0009191598878624933
35,38,x_R12_EXIT_A,x_R13_EXIT_A,0.00860435783915723
35,39,x_R12_EXIT_A,x_R14_EXIT_C,0.0009191598878624933
35,41,x_R12_EXIT_A,x_R14_EXIT_A,0.003383019031716121
35,42,x_R12_EXIT_A,x_R15_EXIT_C,0.0009191598878624933
35,43,x_R12_EXIT_A,x_R15_EXIT_B,0.00045957994393124664
35,44,x_R12_EXIT_A,x_R15_EXIT_A,0.003383019031716121
35,45,x_R12_EXIT_A,x_R16_EXIT_C,0.0009191598878624933
35,47,x_R12_EXIT_A,x_R16_EXIT_A,0.007685197951294737
35,48,x_R12_EXIT_A,x_R17_EXIT_C,0.00022978997196562332
35,50,x_R12_EXIT_A,x_R17_EXIT_A,0.0019212994878236842
35,51,x_R12_EXIT_A,x_R18_EXIT_C,0.00275747966358748
35,52,x_R12_EXIT_A,x_R18_EXIT_B,0.0018383197757249866
35,53,x_R12_EXIT_A,x_R18_EXIT_A,0.005183040478780172
35,54,x_R12_EXIT_A,x_R19_EXIT_C,0.0032170596075187267
35,55,x_R12_EXIT_A,x_R19_EXIT_B,0.0022978997196562334
35,56,x_R12_EXIT_A,x_R19_EXIT_A,0.005387298231638503
35,57,x_R12_EXIT_A,x_R20_EXIT_C,0.007302214664685364
35,58,x_R12_EXIT_A,x_R20_EXIT_B,0.00638305477682287
35,59,x_R12_EXIT_A,x_R20_EXIT_A,0.00031915273884114355
35,60,x_R12_EXIT_A,x_R21_EXIT_C,0.007302214664685364
35,61,x_R12_EXIT_A,x_R21_EXIT_B,0.00638305477682287
35,62,x_R12_EXIT_A,x_R21_EXIT_A,0.0010978854216135338
35,63,x_R12_EXIT_A,x_R22_EXIT_C,0.007302214664685364
35,64,x_R12_EXIT_A,x_R22_EXIT_B,0.00638305477682287
35,65,x_R12_EXIT_A,x_R22_EXIT_A,0.00031915273884114355
35,66,x_R12_EXIT_A,x_R23_EXIT_C,0.007302214664685364
35,67,x_R12_EXIT_A,x_R23_EXIT_B,0.00638305477682287
35,68,x_R12_EXIT_A,x_R23_EXIT_A,0.0010978854216135338
35,69,x_R12_EXIT_A,x_R24_EXIT_C,0.03728342295142239
35,70,x_R12_EXIT_A,x_R24_EXIT_B,0.03314720345604117
35,71,x_R12_EXIT_A,x_R24_EXIT_A,0.0014361873247851458
36,36,x_R13_EXIT_C,x_R13_EXIT_C,-2.1814929548390207
36,37,x_R13_EXIT_C,x_R13_EXIT_B,4.43112700036866
36,38,x_R13_EXIT_C,x_R13_EXIT_A,4.43112700036866
36,39,x_R13_EXIT_C,x_R14_EXIT_C,0.0032000381281138655
36,42,x_R13_EXIT_C,x_R15_EXIT_C,0.0032000381281138655
36,45,x_R13_EXIT_C,x_R16_EXIT_C,0.006400076256227731
36,48,x_R13_EXIT_C,x_R17_EXIT_C,0.0016000190640569328
36,51,x_R13_EXIT_C,x_R18_EXIT_C,0.006400076256227731
36,54,x_R13_EXIT_C,x_R19_EXIT_C,0.006400076256227731
36,57,x_R13_EXIT_C,x_R20_EXIT_C,0.006400076256227731
36,60,x_R13_EXIT_C,x_R21_EXIT_C,0.006400076256227731
36,63,x_R13_EXIT_C,x_R22_EXIT_C,0.006400076256227731
36,66,x_R13_EXIT_C,x_R23_EXIT_C,0.006400076256227731
36,69,x_R13_EXIT_C,x_R24_EXIT_C,0.02880034315302479
37,37,x_R13_EXIT_B,x_R13_EXIT_B,-2.1835021937458734
37,38,x_R13_EXIT_B,x_R13_EXIT_A,4.43235254688581
37,39,x_R13_EXIT_B,x_R14_EXIT_C,0.0006127732585749957
37,40,x_R13_EXIT_B,x_R14_EXIT_B,0.0013617183523888792
37,42,x_R13_EXIT_B,x_R15_EXIT_C,0.0006127732585749957
37,43,x_R13_EXIT_B,x_R15_EXIT_B,0.0022808782402513727
37,45,x_R13_EXIT_B,x_R16_EXIT_C,0.0012255465171499913
37,46,x_R13_EXIT_B,x_R16_EXIT_B,0.004561756480502745
37,48,x_R13_EXIT_B,x_R17_EXIT_C,0.0012255465171499913
37,49,x_R13_EXIT_B,x_R17_EXIT_B,0.00022127923226319287
37,50,x_R13_EXIT_B,x_R17_EXIT_A,0.0009191598878624935
37,51,x_R13_EXIT_B,x_R18_EXIT_C,0.0012255465171499913
37,52,x_R13_EXIT_B,x_R18_EXIT_B,0.004561756480502745
37,54,x_R13_EXIT_B,x_R19_EXIT_C,0.0012255465171499913
37,55,x_R13_EXIT_B,x_R19_EXIT_B,0.004561756480502745
37,57,x_R13_EXIT_B,x_R20_EXIT_C,0.0012255465171499913
37,58,x_R13_EXIT_B,x_R20_EXIT_B,0.004561756480502745
37,60,x_R13_EXIT_B,x_R21_EXIT_C,0.0012255465171499913
37,61,x_R13_EXIT_B,x_R21_EXIT_B,0.004561756480502745
37,63,x_R13_EXIT_B,x_R22_EXIT_C,0.0012255465171499913
37,64,x_R13_EXIT_B,x_R22_EXIT_B,0.004561756480502745
37,66,x_R13_EXIT_B,x_R23_EXIT_C,0.0012255465171499913
37,67,x_R13_EXIT_B,x_R23_EXIT_B,0.004561756480502745
37,69,x_R13_EXIT_B,x_R24_EXIT_C,0.005514959327174961
37,70,x_R13_EXIT_B,x_R24_EXIT_B,0.020527904162262352
38,38,x_R13_EXIT_A,x_R13_EXIT_A,-2.1700167799504806
38,39,x_R13_EXIT_A,x_R14_EXIT_C,0.0012255465171499913
38,41,x_R13_EXIT_A,x_R14_EXIT_A,0.004510692042288162
38,42,x_R13_EXIT_A,x_R15_EXIT_C,0.0012255465171499913
38,43,x_R13_EXIT_A,x_R15_EXIT_B,0.0006127732585749957
38,44,x_R13_EXIT_A,x_R15_EXIT_A,0.004510692042288162
38,45,x_R13_EXIT_A,x_R16_EXIT_C,0.0012255465171499913
38,47,x_R13_EXIT_A,x_R16_EXIT_A,0.010246930601726316
38,48,x_R13_EXIT_A,x_R17_EXIT_C,0.00030638662928749783
38,50,x_R13_EXIT_A,x_R17_EXIT_A,0.002561732650431579
38,51,x_R13_EXIT_A,x_R18_EXIT_C,0.003676639551449974
38,52,x_R13_EXIT_A,x_R18_EXIT_B,0.0024510930342999827
38,53,x_R13_EXIT_A,x_R18_EXIT_A,0.006910720638373562
38,54,x_R13_EXIT_A,x_R19_EXIT_C,0.004289412810024969
38,55,x_R13_EXIT_A,x_R19_EXIT_B,0.0030638662928749783
38,56,x_R13_EXIT_A,x_R19_EXIT_A,0.007183064308851337
38,57,x_R13_EXIT_A,x_R20_EXIT_C,0.009736286219580486
38,58,x_R13_EXIT_A,x_R20_EXIT_B,0.008510739702430494
38,59,x_R13_EXIT_A,x_R20_EXIT_A,0.00042553698512152473
38,60,x_R13_EXIT_A,x_R21_EXIT_C,0.009736286219580486
38,61,x_R13_EXIT_A,x_R21_EXIT_B,0.008510739702430494
38,62,x_R13_EXIT_A,x_R21_EXIT_A,0.0014638472288180451
38,63,x_R13_EXIT_A,x_R22_EXIT_C,0.009736286219580486
38,64,x_R13_EXIT_A,x_R22_EXIT_B,0.008510739702430494
38,65,x_R13_EXIT_A,x_R22_EXIT_A,0.00042553698512152473
38,66,x_R13_EXIT_A,x_R23_EXIT_C,0.009736286219580486
38,67,x_R13_EXIT_A,x_R23_EXIT_B,0.008510739702430494
38,68,x_R13_EXIT_A,x_R23_EXIT_A,0.0014638472288180451
38,69,x_R13_EXIT_A,x_R24_EXIT_C,0.04971123060189653
38,70,x_R13_EXIT_A,x_R24_EXIT_B,0.04419627127472157
38,71,x_R13_EXIT_A,x_R24_EXIT_A,0.0019149164330468612
39,39,x_R14_EXIT_C,x_R14_EXIT_C,-2.180509979077079
39,40,x_R14_EXIT_C,x_R14_EXIT_B,4.425799277314939
39,41,x_R14_EXIT_C,x_R14_EXIT_A,4.4270631221607495
39,42,x_R14_EXIT_C,x_R15_EXIT_C,0.0022127923226319284
39,43,x_R14_EXIT_C,x_R15_EXIT_B,0.00030638662928749783
39,45,x_R14_EXIT_C,x_R16_EXIT_C,0.0038128113866888608
39,47,x_R14_EXIT_C,x_R16_EXIT_A,0.0006127732585749957
39,48,x_R14_EXIT_C,x_R17_EXIT_C,0.0009532028466722152
39,50,x_R14_EXIT_C,x_R17_EXIT_A,0.00015319331464374892
39,51,x_R14_EXIT_C,x_R18_EXIT_C,0.004425584645263857
39,52,x_R14_EXIT_C,x_R18_EXIT_B,0.0006127732585749957
39,54,x_R14_EXIT_C,x_R19_EXIT_C,0.004425584645263857
39,55,x_R14_EXIT_C,x_R19_EXIT_B,0.0006127732585749957
39,57,x_R14_EXIT_C,x_R20_EXIT_C,0.004425584645263857
39,58,x_R14_EXIT_C,x_R20_EXIT_B,0.0006127732585749957
39,60,x_R14_EXIT_C,x_R21_EXIT_C,0.004425584645263857
39,61,x_R14_EXIT_C,x_R21_EXIT_B,0.0006127732585749957
39,63,x_R14_EXIT_C,x_R22_EXIT_C,0.004425584645263857
39,64,x_R14_EXIT_C,x_R22_EXIT_B,0.0006127732585749957
39,66,x_R14_EXIT_C,x_R23_EXIT_C,0.004425584645263857
39,67,x_R14_EXIT_C,x_R23_EXIT_B,0.0006127732585749957
39,69,x_R14_EXIT_C,x_R24_EXIT_C,0.01991513090368736
39,70,x_R14_EXIT_C,x_R24_EXIT_B,0.0027574796635874803
40,40,x_R14_EXIT_B,x_R14_EXIT_B,-2.200007320703512
40,41,x_R14_EXIT_B,x_R14_EXIT_A,4.425799277314939
40,43,x_R14_EXIT_B,x_R15_EXIT_B,0.0006808591761944396
40,46,x_R14_EXIT_B,x_R16_EXIT_B,0.0013617183523888792
40,48,x_R14_EXIT_B,x_R17_EXIT_C,0.00022978997196562338
40,49,x_R14_EXIT_B,x_R17_EXIT_B,0.00011063961613159644
40,50,x_R14_EXIT_B,x_R17_EXIT_A,0.00022978997196562338
40,52,x_R14_EXIT_B,x_R18_EXIT_B,0.0013617183523888792
40,55,x_R14_EXIT_B,x_R19_EXIT_B,0.0013617183523888792
40,58,x_R14_EXIT_B,x_R20_EXIT_B,0.0013617183523888792
40,61,x_R14_EXIT_B,x_R21_EXIT_B,0.0013617183523888792
40,64,x_R14_EXIT_B,x_R22_EXIT_B,0.0013617183523888792
40,67,x_R14_EXIT_B,x_R23_EXIT_B,0.0013617183523888792
40,70,x_R14_EXIT_B,x_R24_EXIT_B,0.006127732585749956
41,41,x_R14_EXIT_A,x_R14_EXIT_A,-2.186874398268692
41,44,x_R14_EXIT_A,x_R15_EXIT_A,0.002255346021144081
41,47,x_R14_EXIT_A,x_R16_EXIT_A,0.004510692042288162
41,50,x_R14_EXIT_A,x_R17_EXIT_A,0.0011276730105720405
41,51,x_R14_EXIT_A,x_R18_EXIT_C,0.0006127732585749957
41,52,x_R14_EXIT_A,x_R18_EXIT_B,0.0006127732585749957
41,53,x_R14_EXIT_A,x_R18_EXIT_A,0.003455360319186781
41,54,x_R14_EXIT_A,x_R19_EXIT_C,0.0009191598878624935
41,55,x_R14_EXIT_A,x_R19_EXIT_B,0.0009191598878624935
41,56,x_R14_EXIT_A,x_R19_EXIT_A,0.0035915321544256686
41,57,x_R14_EXIT_A,x_R20_EXIT_C,0.003642596592640252
41,58,x_R14_EXIT_A,x_R20_EXIT_B,0.003642596592640252
41,59,x_R14_EXIT_A,x_R20_EXIT_A,0.00021276849256076237
41,60,x_R14_EXIT_A,x_R21_EXIT_C,0.003642596592640252
41,61,x_R14_EXIT_A,x_R21_EXIT_B,0.003642596592640252
41,62,x_R14_EXIT_A,x_R21_EXIT_A,0.0007319236144090226
41,63,x_R14_EXIT_A,x_R22_EXIT_C,0.003642596592640252
41,64,x_R14_EXIT_A,x_R22_EXIT_B,0.003642596592640252
41,65,x_R14_EXIT_A,x_R22_EXIT_A,0.00021276849256076237
41,66,x_R14_EXIT_A,x_R23_EXIT_C,0.003642596592640252
41,67,x_R14_EXIT_A,x_R23_EXIT_B,0.003642596592640252
41,68,x_R14_EXIT_A,x_R23_EXIT_A,0.0007319236144090226
41,69,x_R14_EXIT_A,x_R24_EXIT_C,0.0193406559737733
41,70,x_R14_EXIT_A,x_R24_EXIT_B,0.0193406559737733
41,71,x_R14_EXIT_A,x_R24_EXIT_A,0.0009574582165234306
42,42,x_R15_EXIT_C,x_R15_EXIT_C,-2.179658552938297
42,43,x_R15_EXIT_C,x_R15_EXIT_B,4.427369508790037
42,44,x_R15_EXIT_C,x_R15_EXIT_A,4.4270631221607495
42,45,x_R15_EXIT_C,x_R16_EXIT_C,0.0038128113866888608
42,47,x_R15_EXIT_C,x_R16_EXIT_A,0.0006127732585749957
42,48,x_R15_EXIT_C,x_R17_EXIT_C,0.0009532028466722152
42,50,x_R15_EXIT_C,x_R17_EXIT_A,0.00015319331464374892
42,51,x_R15_EXIT_C,x_R18_EXIT_C,0.004425584645263857
42,52,x_R15_EXIT_C,x_R18_EXIT_B,0.0006127732585749957
42,54,x_R15_EXIT_C,x_R19_EXIT_C,0.004425584645263857
42,55,x_R15_EXIT_C,x_R19_EXIT_B,0.0006127732585749957
42,57,x_R15_EXIT_C,x_R20_EXIT_C,0.004425584645263857
42,58,x_R15_EXIT_C,x_R20_EXIT_B,0.0006127732585749957
42,60,x_R15_EXIT_C,x_R21_EXIT_C,0.004425584645263857
42,61,x_R15_EXIT_C,x_R21_EXIT_B,0.0006127732585749957
42,63,x_R15_EXIT_C,x_R22_EXIT_C,0.004425584645263857
42,64,x_R15_EXIT_C,x_R22_EXIT_B,0.0006127732585749957
42,66,x_R15_EXIT_C,x_R23_EXIT_C,0.004425584645263857
42,67,x_R15_EXIT_C,x_R23_EXIT_B,0.0006127732585749957
42,69,x_R15_EXIT_C,x_R24_EXIT_C,0.01991513090368736
42,70,x_R15_EXIT_C,x_R24_EXIT_B,0.0027574796635874803
43,43,x_R15_EXIT_B,x_R15_EXIT_B,-2.190258649890296
43,44,x_R15_EXIT_B,x_R15_EXIT_A,4.4270631221607495
43,46,x_R15_EXIT_B,x_R16_EXIT_B,0.0022808782402513727
43,47,x_R15_EXIT_B,x_R16_EXIT_A,0.0006127732585749957
43,48,x_R15_EXIT_B,x_R17_EXIT_C,0.00045957994393124675
43,49,x_R15_EXIT_B,x_R17_EXIT_B,0.00011063961613159644
43,50,x_R15_EXIT_B,x_R17_EXIT_A,0.0006127732585749957
43,51,x_R15_EXIT_B,x_R18_EXIT_C,0.0006127732585749957
43,52,x_R15_EXIT_B,x_R18_EXIT_B,0.0028936514988263684
43,54,x_R15_EXIT_B,x_R19_EXIT_C,0.0006127732585749957
43,55,x_R15_EXIT_B,x_R19_EXIT_B,0.0028936514988263684
43,57,x_R15_EXIT_B,x_R20_EXIT_C,0.0006127732585749957
43,58,x_R15_EXIT_B,x_R20_EXIT_B,0.0028936514988263684
43,60,x_R15_EXIT_B,x_R21_EXIT_C,0.0006127732585749957
43,61,x_R15_EXIT_B,x_R21_EXIT_B,0.0028936514988263684
43,63,x_R15_EXIT_B,x_R22_EXIT_C,0.0006127732585749957
43,64,x_R15_EXIT_B,x_R22_EXIT_B,0.0028936514988263684
43,66,x_R15_EXIT_B,x_R23_EXIT_C,0.0006127732585749957
43,67,x_R15_EXIT_B,x_R23_EXIT_B,0.0028936514988263684
43,69,x_R15_EXIT_B,x_R24_EXIT_C,0.0027574796635874803
43,70,x_R15_EXIT_B,x_R24_EXIT_B,0.013021431744718658
44,44,x_R15_EXIT_A,x_R15_EXIT_A,-2.1860229721299094
44,47,x_R15_EXIT_A,x_R16_EXIT_A,0.004510692042288162
44,50,x_R15_EXIT_A,x_R17_EXIT_A,0.0011276730105720405
44,51,x_R15_EXIT_A,x_R18_EXIT_C,0.0006127732585749957
44,52,x_R15_EXIT_A,x_R18_EXIT_B,0.0006127732585749957
44,53,x_R15_EXIT_A,x_R18_EXIT_A,0.003455360319186781
44,54,x_R15_EXIT_A,x_R19_EXIT_C,0.0009191598878624935
44,55,x_R15_EXIT_A,x_R19_EXIT_B,0.0009191598878624935
44,56,x_R15_EXIT_A,x_R19_EXIT_A,0.0035915321544256686
44,57,x_R15_EXIT_A,x_R20_EXIT_C,0.003642596592640252
44,58,x_R15_EXIT_A,x_R20_EXIT_B,0.003642596592640252
44,59,x_R15_EXIT_A,x_R20_EXIT_A,0.00021276849256076237
44,60,x_R15_EXIT_A,x_R21_EXIT_C,0.003642596592640252
44,61,x_R15_EXIT_A,x_R21_EXIT_B,0.003642596592640252
44,62,x_R15_EXIT_A,x_R21_EXIT_A,0.0007319236144090226
44,63,x_R15_EXIT_A,x_R22_EXIT_C,0.003642596592640252
44,64,x_R15_EXIT_A,x_R22_EXIT_B,0.003642596592640252
44,65,x_R15_EXIT_A,x_R22_EXIT_A,0.00021276849256076237
44,66,x_R15_EXIT_A,x_R23_EXIT_C,0.003642596592640252
44,67,x_R15_EXIT_A,x_R23_EXIT_B,0.003642596592640252
44,68,x_R15_EXIT_A,x_R23_EXIT_A,0.0007319236144090226
44,69,x_R15_EXIT_A,x_R24_EXIT_C,0.0193406559737733
44,70,x_R15_EXIT_A,x_R24_EXIT_B,0.0193406559737733
44,71,x_R15_EXIT_A,x_R24_EXIT_A,0.0009574582165234306
45,45,x_R16_EXIT_C,x_R16_EXIT_C,-2.1681094938357877
45,46,x_R16_EXIT_C,x_R16_EXIT_B,4.434531296249633
45,47,x_R16_EXIT_C,x_R16_EXIT_A,4.434531296249633
45,48,x_R16_EXIT_C,x_R17_EXIT_C,0.0019064056933444304
45,51,x_R16_EXIT_C,x_R18_EXIT_C,0.0076256227733777215
45,54,x_R16_EXIT_C,x_R19_EXIT_C,0.0076256227733777215
45,57,x_R16_EXIT_C,x_R20_EXIT_C,0.0076256227733777215
45,60,x_R16_EXIT_C,x_R21_EXIT_C,0.0076256227733777215
45,63,x_R16_EXIT_C,x_R22_EXIT_C,0.0076256227733777215
45,66,x_R16_EXIT_C,x_R23_EXIT_C,0.0076256227733777215
45,69,x_R16_EXIT_C,x_R24_EXIT_C,0.034315302480199754
46,46,x_R16_EXIT_B,x_R16_EXIT_B,-2.179858540647615
46,47,x_R16_EXIT_B,x_R16_EXIT_A,4.434531296249633
46,48,x_R16_EXIT_B,x_R17_EXIT_C,0.0009191598878624935
46,49,x_R16_EXIT_B,x_R17_EXIT_B,0.00022127923226319287
46,50,x_R16_EXIT_B,x_R17_EXIT_A,0.0009191598878624935
46,52,x_R16_EXIT_B,x_R18_EXIT_B,0.004561756480502745
46,55,x_R16_EXIT_B,x_R19_EXIT_B,0.004561756480502745
46,58,x_R16_EXIT_B,x_R20_EXIT_B,0.004561756480502745
46,61,x_R16_EXIT_B,x_R21_EXIT_B,0.004561756480502745
46,64,x_R16_EXIT_B,x_R22_EXIT_B,0.004561756480502745
46,67,x_R16_EXIT_B,x_R23_EXIT_B,0.004561756480502745
46,70,x_R16_EXIT_B,x_R24_EXIT_B,0.020527904162262352
47,47,x_R16_EXIT_A,x_R16_EXIT_A,-2.166373126852222
47,50,x_R16_EXIT_A,x_R17_EXIT_A,0.002561732650431579
47,51,x_R16_EXIT_A,x_R18_EXIT_C,0.0024510930342999827
47,52,x_R16_EXIT_A,x_R18_EXIT_B,0.0024510930342999827
47,53,x_R16_EXIT_A,x_R18_EXIT_A,0.006910720638373562
47,54,x_R16_EXIT_A,x_R19_EXIT_C,0.0030638662928749783
47,55,x_R16_EXIT_A,x_R19_EXIT_B,0.0030638662928749783
47,56,x_R16_EXIT_A,x_R19_EXIT_A,0.007183064308851337
47,57,x_R16_EXIT_A,x_R20_EXIT_C,0.008510739702430494
47,58,x_R16_EXIT_A,x_R20_EXIT_B,0.008510739702430494
47,59,x_R16_EXIT_A,x_R20_EXIT_A,0.00042553698512152473
47,60,x_R16_EXIT_A,x_R21_EXIT_C,0.008510739702430494
47,61,x_R16_EXIT_A,x_R21_EXIT_B,0.008510739702430494
47,62,x_R16_EXIT_A,x_R21_EXIT_A,0.0014638472288180451
47,63,x_R16_EXIT_A,x_R22_EXIT_C,0.008510739702430494
47,64,x_R16_EXIT_A,x_R22_EXIT_B,0.008510739702430494
47,65,x_R16_EXIT_A,x_R22_EXIT_A,0.00042553698512152473
47,66,x_R16_EXIT_A,x_R23_EXIT_C,0.008510739702430494
47,67,x_R16_EXIT_A,x_R23_EXIT_B,0.008510739702430494
47,68,x_R16_EXIT_A,x_R23_EXIT_A,0.0014638472288180451
47,69,x_R16_EXIT_A,x_R24_EXIT_C,0.04419627127472157
47,70,x_R16_EXIT_A,x_R24_EXIT_B,0.04419627127472157
47,71,x_R16_EXIT_A,x_R24_EXIT_A,0.0019149164330468612
48,48,x_R17_EXIT_C,x_R17_EXIT_C,-2.176628564525229
48,49,x_R17_EXIT_C,x_R17_EXIT_B,4.426115238526392
48,50,x_R17_EXIT_C,x_R17_EXIT_A,4.426345028498357
48,51,x_R17_EXIT_C,x_R18_EXIT_C,0.0019064056933444304
48,52,x_R17_EXIT_C,x_R18_EXIT_B,0.0009191598878624935
48,54,x_R17_EXIT_C,x_R19_EXIT_C,0.0019064056933444304
48,55,x_R17_EXIT_C,x_R19_EXIT_B,0.0009191598878624935
48,57,x_R17_EXIT_C,x_R20_EXIT_C,0.0019064056933444304
48,58,x_R17_EXIT_C,x_R20_EXIT_B,0.0009191598878624935
48,60,x_R17_EXIT_C,x_R21_EXIT_C,0.0019064056933444304
48,61,x_R17_EXIT_C,x_R21_EXIT_B,0.0009191598878624935
48,63,x_R17_EXIT_C,x_R22_EXIT_C,0.0019064056933444304
48,64,x_R17_EXIT_C,x_R22_EXIT_B,0.0009191598878624935
48,66,x_R17_EXIT_C,x_R23_EXIT_C,0.0019064056933444304
48,67,x_R17_EXIT_C,x_R23_EXIT_B,0.0009191598878624935
48,69,x_R17_EXIT_C,x_R24_EXIT_C,0.008578825620049938
48,70,x_R17_EXIT_C,x_R24_EXIT_B,0.00413621949538122
49,49,x_R17_EXIT_B,x_R17_EXIT_B,-2.2059025890374504
49,50,x_R17_EXIT_B,x_R17_EXIT_A,4.426115238526392
49,52,x_R17_EXIT_B,x_R18_EXIT_B,0.00022127923226319287
49,55,x_R17_EXIT_B,x_R19_EXIT_B,0.00022127923226319287
49,58,x_R17_EXIT_B,x_R20_EXIT_B,0.00022127923226319287
49,61,x_R17_EXIT_B,x_R21_EXIT_B,0.00022127923226319287
49,64,x_R17_EXIT_B,x_R22_EXIT_B,0.00022127923226319287
49,67,x_R17_EXIT_B,x_R23_EXIT_B,0.00022127923226319287
49,70,x_R17_EXIT_B,x_R24_EXIT_B,0.000995756545184368
50,50,x_R17_EXIT_A,x_R17_EXIT_A,-2.1761209355862015
50,51,x_R17_EXIT_A,x_R18_EXIT_C,0.0006127732585749957
50,52,x_R17_EXIT_A,x_R18_EXIT_B,0.001531933146437489
50,53,x_R17_EXIT_A,x_R18_EXIT_A,0.0017276801595933905
50,54,x_R17_EXIT_A,x_R19_EXIT_C,0.0007659665732187446
50,55,x_R17_EXIT_A,x_R19_EXIT_B,0.001685126461081238
50,56,x_R17_EXIT_A,x_R19_EXIT_A,0.0017957660772128343
50,57,x_R17_EXIT_A,x_R20_EXIT_C,0.0021276849256076234
50,58,x_R17_EXIT_A,x_R20_EXIT_B,0.003046844813470117
50,59,x_R17_EXIT_A,x_R20_EXIT_A,0.00010638424628038118
50,60,x_R17_EXIT_A,x_R21_EXIT_C,0.0021276849256076234
50,61,x_R17_EXIT_A,x_R21_EXIT_B,0.003046844813470117
50,62,x_R17_EXIT_A,x_R21_EXIT_A,0.0003659618072045113
50,63,x_R17_EXIT_A,x_R22_EXIT_C,0.0021276849256076234
50,64,x_R17_EXIT_A,x_R22_EXIT_B,0.003046844813470117
50,65,x_R17_EXIT_A,x_R22_EXIT_A,0.00010638424628038118
50,66,x_R17_EXIT_A,x_R23_EXIT_C,0.0021276849256076234
50,67,x_R17_EXIT_A,x_R23_EXIT_B,0.003046844813470117
50,68,x_R17_EXIT_A,x_R23_EXIT_A,0.0003659618072045113
50,69,x_R17_EXIT_A,x_R24_EXIT_C,0.011049067818680392
50,70,x_R17_EXIT_A,x_R24_EXIT_B,0.015185287314061612
50,71,x_R17_EXIT_A,x_R24_EXIT_A,0.0004787291082617153
51,51,x_R18_EXIT_C,x_R18_EXIT_C,-2.166270469722984
51,52,x_R18_EXIT_C,x_R18_EXIT_B,4.43480363992011
51,53,x_R18_EXIT_C,x_R18_EXIT_A,4.43112700036866
51,54,x_R18_EXIT_C,x_R19_EXIT_C,0.010076715807677706
51,55,x_R18_EXIT_C,x_R19_EXIT_B,0.0024510930342999827
51,57,x_R18_EXIT_C,x_R20_EXIT_C,0.010076715807677706
51,58,x_R18_EXIT_C,x_R20_EXIT_B,0.0024510930342999827
51,60,x_R18_EXIT_C,x_R21_EXIT_C,0.010076715807677706
51,61,x_R18_EXIT_C,x_R21_EXIT_B,0.0024510930342999827
51,63,x_R18_EXIT_C,x_R22_EXIT_C,0.010076715807677706
51,64,x_R18_EXIT_C,x_R22_EXIT_B,0.0024510930342999827
51,66,x_R18_EXIT_C,x_R23_EXIT_C,0.010076715807677706
51,67,x_R18_EXIT_C,x_R23_EXIT_B,0.0024510930342999827
51,69,x_R18_EXIT_C,x_R24_EXIT_C,0.04534522113454969
51,70,x_R18_EXIT_C,x_R24_EXIT_B,0.011029918654349921
52,52,x_R18_EXIT_B,x_R18_EXIT_B,-2.178019516534811
52,53,x_R18_EXIT_B,x_R18_EXIT_A,4.43112700036866
52,54,x_R18_EXIT_B,x_R19_EXIT_C,0.0024510930342999827
52,55,x_R18_EXIT_B,x_R19_EXIT_B,0.007012849514802728
52,57,x_R18_EXIT_B,x_R20_EXIT_C,0.0024510930342999827
52,58,x_R18_EXIT_B,x_R20_EXIT_B,0.007012849514802728
52,60,x_R18_EXIT_B,x_R21_EXIT_C,0.0024510930342999827
52,61,x_R18_EXIT_B,x_R21_EXIT_B,0.007012849514802728
52,63,x_R18_EXIT_B,x_R22_EXIT_C,0.0024510930342999827
52,64,x_R18_EXIT_B,x_R22_EXIT_B,0.007012849514802728
52,66,x_R18_EXIT_B,x_R23_EXIT_C,0.0024510930342999827
52,67,x_R18_EXIT_B,x_R23_EXIT_B,0.007012849514802728
52,69,x_R18_EXIT_B,x_R24_EXIT_C,0.011029918654349921
52,70,x_R18_EXIT_B,x_R24_EXIT_B,0.03155782281661227
53,53,x_R18_EXIT_A,x_R18_EXIT_A,-2.1829236395303777
53,56,x_R18_EXIT_A,x_R19_EXIT_A,0.006910720638373562
53,57,x_R18_EXIT_A,x_R20_EXIT_C,0.0051745297390777415
53,58,x_R18_EXIT_A,x_R20_EXIT_B,0.0051745297390777415
53,59,x_R18_EXIT_A,x_R20_EXIT_A,0.00042553698512152473
53,60,x_R18_EXIT_A,x_R21_EXIT_C,0.0051745297390777415
53,61,x_R18_EXIT_A,x_R21_EXIT_B,0.0051745297390777415
53,62,x_R18_EXIT_A,x_R21_EXIT_A,0.0014638472288180451
53,63,x_R18_EXIT_A,x_R22_EXIT_C,0.0051745297390777415
53,64,x_R18_EXIT_A,x_R22_EXIT_B,0.0051745297390777415
53,65,x_R18_EXIT_A,x_R22_EXIT_A,0.00042553698512152473
53,66,x_R18_EXIT_A,x_R23_EXIT_C,0.0051745297390777415
53,67,x_R18_EXIT_A,x_R23_EXIT_B,0.0051745297390777415
53,68,x_R18_EXIT_A,x_R23_EXIT_A,0.0014638472288180451
53,69,x_R18_EXIT_A,x_R24_EXIT_C,0.02918332643963417
53,70,x_R18_EXIT_A,x_R24_EXIT_B,0.02918332643963417
53,71,x_R18_EXIT_A,x_R24_EXIT_A,0.0019149164330468612
54,54,x_R19_EXIT_C,x_R19_EXIT_C,-2.1660149714476415
54,55,x_R19_EXIT_C,x_R19_EXIT_B,4.434463210332013
54,56,x_R19_EXIT_C,x_R19_EXIT_A,4.4313993440391375
54,57,x_R19_EXIT_C,x_R20_EXIT_C,0.010689489066252701
54,58,x_R19_EXIT_C,x_R20_EXIT_B,0.0030638662928749783
54,60,x_R19_EXIT_C,x_R21_EXIT_C,0.010689489066252701
54,61,x_R19_EXIT_C,x_R21_EXIT_B,0.0030638662928749783
54,63,x_R19_EXIT_C,x_R22_EXIT_C,0.010689489066252701
54,64,x_R19_EXIT_C,x_R22_EXIT_B,0.0030638662928749783
54,66,x_R19_EXIT_C,x_R23_EXIT_C,0.010689489066252701
54,67,x_R19_EXIT_C,x_R23_EXIT_B,0.0030638662928749783
54,69,x_R19_EXIT_C,x_R24_EXIT_C,0.048102700798137166
54,70,x_R19_EXIT_C,x_R24_EXIT_B,0.013787398317937403
55,55,x_R19_EXIT_B,x_R19_EXIT_B,-2.1777640182594684
55,56,x_R19_EXIT_B,x_R19_EXIT_A,4.4313993440391375
55,57,x_R19_EXIT_B,x_R20_EXIT_C,0.0030638662928749783
55,58,x_R19_EXIT_B,x_R20_EXIT_B,0.007625622773377722
55,60,x_R19_EXIT_B,x_R21_EXIT_C,0.0030638662928749783
55,61,x_R19_EXIT_B,x_R21_EXIT_B,0.007625622773377722
55,63,x_R19_EXIT_B,x_R22_EXIT_C,0.0030638662928749783
55,64,x_R19_EXIT_B,x_R22_EXIT_B,0.007625622773377722
55,66,x_R19_EXIT_B,x_R23_EXIT_C,0.0030638662928749783
55,67,x_R19_EXIT_B,x_R23_EXIT_B,0.007625622773377722
55,69,x_R19_EXIT_B,x_R24_EXIT_C,0.013787398317937403
55,70,x_R19_EXIT_B,x_R24_EXIT_B,0.034315302480199754
56,56,x_R19_EXIT_A,x_R19_EXIT_A,-2.1826681412550353
56,57,x_R19_EXIT_A,x_R20_EXIT_C,0.005446873409555518
56,58,x_R19_EXIT_A,x_R20_EXIT_B,0.005446873409555518
56,59,x_R19_EXIT_A,x_R20_EXIT_A,0.00042553698512152473
56,60,x_R19_EXIT_A,x_R21_EXIT_C,0.005446873409555518
56,61,x_R19_EXIT_A,x_R21_EXIT_B,0.005446873409555518
56,62,x_R19_EXIT_A,x_R21_EXIT_A,0.0014638472288180451
56,63,x_R19_EXIT_A,x_R22_EXIT_C,0.005446873409555518
56,64,x_R19_EXIT_A,x_R22_EXIT_B,0.005446873409555518
56,65,x_R19_EXIT_A,x_R22_EXIT_A,0.00042553698512152473
56,66,x_R19_EXIT_A,x_R23_EXIT_C,0.005446873409555518
56,67,x_R19_EXIT_A,x_R23_EXIT_B,0.005446873409555518
56,68,x_R19_EXIT_A,x_R23_EXIT_A,0.0014638472288180451
56,69,x_R19_EXIT_A,x_R24_EXIT_C,0.030408872956784155
56,70,x_R19_EXIT_A,x_R24_EXIT_B,0.030408872956784155
56,71,x_R19_EXIT_A,x_R24_EXIT_A,0.0019149164330468612
57,57,x_R20_EXIT_C,x_R20_EXIT_C,-2.1614353130663853
57,58,x_R20_EXIT_C,x_R20_EXIT_B,4.439365396400613
57,59,x_R20_EXIT_C,x_R20_EXIT_A,4.425799277314939
57,60,x_R20_EXIT_C,x_R21_EXIT_C,0.01613636247580822
57,61,x_R20_EXIT_C,x_R21_EXIT_B,0.008510739702430494
57,63,x_R20_EXIT_C,x_R22_EXIT_C,0.021191741859051934
57,64,x_R20_EXIT_C,x_R22_EXIT_B,0.013566119085674209
57,66,x_R20_EXIT_C,x_R23_EXIT_C,0.01613636247580822
57,67,x_R20_EXIT_C,x_R23_EXIT_B,0.008510739702430494
57,69,x_R20_EXIT_C,x_R24_EXIT_C,0.07261363114113699
57,70,x_R20_EXIT_C,x_R24_EXIT_B,0.03829832866093723
58,58,x_R20_EXIT_B,x_R20_EXIT_B,-2.173184359878212
58,59,x_R20_EXIT_B,x_R20_EXIT_A,4.425799277314939
58,60,x_R20_EXIT_B,x_R21_EXIT_C,0.008510739702430494
58,61,x_R20_EXIT_B,x_R21_EXIT_B,0.01307249618293324
58,63,x_R20_EXIT_B,x_R22_EXIT_C,0.013566119085674209
58,64,x_R20_EXIT_B,x_R22_EXIT_B,0.01812787556617695
58,66,x_R20_EXIT_B,x_R23_EXIT_C,0.008510739702430494
58,67,x_R20_EXIT_B,x_R23_EXIT_B,0.01307249618293324
58,69,x_R20_EXIT_B,x_R24_EXIT_C,0.03829832866093723
58,70,x_R20_EXIT_B,x_R24_EXIT_B,0.05882623282319958
59,59,x_R20_EXIT_A,x_R20_EXIT_A,-2.199422841252341
59,62,x_R20_EXIT_A,x_R21_EXIT_A,0.00042553698512152473
59,65,x_R20_EXIT_A,x_R22_EXIT_A,0.006178797023964539
59,68,x_R20_EXIT_A,x_R23_EXIT_A,0.00042553698512152473
59,71,x_R20_EXIT_A,x_R24_EXIT_A,0.0019149164330468612
60,60,x_R21_EXIT_C,x_R21_EXIT_C,-2.1664406845170325
60,61,x_R21_EXIT_C,x_R21_EXIT_B,4.434463210332013
60,62,x_R21_EXIT_C,x_R21_EXIT_A,4.425799277314939
60,63,x_R21_EXIT_C,x_R22_EXIT_C,0.01613636247580822
60,64,x_R21_EXIT_C,x_R22_EXIT_B,0.008510739702430494
60,66,x_R21_EXIT_C,x_R23_EXIT_C,0.01628955579045197
60,67,x_R21_EXIT_C,x_R23_EXIT_B,0.008663933017074243
60,69,x_R21_EXIT_C,x_R24_EXIT_C,0.07261363114113699
60,70,x_R21_EXIT_C,x_R24_EXIT_B,0.03829832866093723
61,61,x_R21_EXIT_B,x_R21_EXIT_B,-2.1781897313288594
61,62,x_R21_EXIT_B,x_R21_EXIT_A,4.425799277314939
61,63,x_R21_EXIT_B,x_R22_EXIT_C,0.008510739702430494
61,64,x_R21_EXIT_B,x_R22_EXIT_B,0.01307249618293324
61,66,x_R21_EXIT_B,x_R23_EXIT_C,0.008663933017074243
61,67,x_R21_EXIT_B,x_R23_EXIT_B,0.013225689497576989
61,69,x_R21_EXIT_B,x_R24_EXIT_C,0.03829832866093723
61,70,x_R21_EXIT_B,x_R24_EXIT_B,0.05882623282319958
62,62,x_R21_EXIT_A,x_R21_EXIT_A,-2.201141834587962
62,65,x_R21_EXIT_A,x_R22_EXIT_A,0.00042553698512152473
62,68,x_R21_EXIT_A,x_R23_EXIT_A,0.0018893842139395699
62,69,x_R21_EXIT_A,x_R24_EXIT_C,0.004672396096634341
62,70,x_R21_EXIT_A,x_R24_EXIT_B,0.004672396096634341
62,71,x_R21_EXIT_A,x_R24_EXIT_A,0.0019149164330468612
63,63,x_R22_EXIT_C,x_R22_EXIT_C,-2.1510320196331603
63,64,x_R22_EXIT_C,x_R22_EXIT_B,4.444846312768978
63,65,x_R22_EXIT_C,x_R22_EXIT_A,4.431280193683304
63,66,x_R22_EXIT_C,x_R23_EXIT_C,0.01613636247580822
63,67,x_R22_EXIT_C,x_R23_EXIT_B,0.008510739702430494
63,69,x_R22_EXIT_C,x_R24_EXIT_C,0.07261363114113699
63,70,x_R22_EXIT_C,x_R24_EXIT_B,0.03829832866093723
64,64,x_R22_EXIT_B,x_R22_EXIT_B,-2.1627810664449876
64,65,x_R22_EXIT_B,x_R22_EXIT_A,4.431280193683304
64,66,x_R22_EXIT_B,x_R23_EXIT_C,0.008510739702430494
64,67,x_R22_EXIT_B,x_R23_EXIT_B,0.01307249618293324
64,69,x_R22_EXIT_B,x_R24_EXIT_C,0.03829832866093723
64,70,x_R22_EXIT_B,x_R24_EXIT_B,0.05882623282319958
65,65,x_R22_EXIT_A,x_R22_EXIT_A,-2.1890195478191163
65,68,x_R22_EXIT_A,x_R23_EXIT_A,0.00042553698512152473
65,71,x_R22_EXIT_A,x_R24_EXIT_A,0.0019149164330468612
66,66,x_R23_EXIT_C,x_R23_EXIT_C,-2.1551859649450256
66,67,x_R23_EXIT_C,x_R23_EXIT_B,4.439944126700378
66,68,x_R23_EXIT_C,x_R23_EXIT_A,4.431280193683304
66,69,x_R23_EXIT_C,x_R24_EXIT_C,0.07261363114113699
66,70,x_R23_EXIT_C,x_R24_EXIT_B,0.03829832866093723
67,67,x_R23_EXIT_B,x_R23_EXIT_B,-2.1669350117568524
67,68,x_R23_EXIT_B,x_R23_EXIT_A,4.431280193683304
67,69,x_R23_EXIT_B,x_R24_EXIT_C,0.03829832866093723
67,70,x_R23_EXIT_B,x_R24_EXIT_B,0.05882623282319958
68,68,x_R23_EXIT_A,x_R23_EXIT_A,-2.189887115015955
68,69,x_R23_EXIT_A,x_R24_EXIT_C,0.004672396096634341
68,70,x_R23_EXIT_A,x_R24_EXIT_B,0.004672396096634341
68,71,x_R23_EXIT_A,x_R24_EXIT_A,0.0019149164330468612
69,69,x_R24_EXIT_C,x_R24_EXIT_C,-1.993251577700382
69,70,x_R24_EXIT_C,x_R24_EXIT_B,4.624682498051186
69,71,x_R24_EXIT_C,x_R24_EXIT_A,4.425799277314939
70,70,x_R24_EXIT_B,x_R24_EXIT_B,-2.034490337581131
70,71,x_R24_EXIT_B,x_R24_EXIT_A,4.425799277314939
71,71,x_R24_EXIT_A,x_R24_EXIT_A,-2.205185372127984
